SampleID,Site,SiteAbbreviation,FieldType,SiteSoil,Treatment,IncubationTime,Time,Longitude,Latitude_m,Description,Sample_order
SYRU1,SanYa,SY,Upland,SYUpland,RawSoil,Day0,RawSoil_D0,109.65,18.34,SYRU1,1
SYRU2,SanYa,SY,Upland,SYUpland,RawSoil,Day0,RawSoil_D0,109.65,18.34,SYRU2,1
SYRU3,SanYa,SY,Upland,SYUpland,RawSoil,Day0,RawSoil_D0,109.64,18.34,SYRU3,1
HKRU1,HaiKou,HK,Upland,HKUpland,RawSoil,Day0,RawSoil_D0,110.2,19.76,HKRU1,2
HKRU2,HaiKou,HK,Upland,HKUpland,RawSoil,Day0,RawSoil_D0,110.2,19.76,HKRU2,2
HKRU3,HaiKou,HK,Upland,HKUpland,RawSoil,Day0,RawSoil_D0,110.2,19.76,HKRU3,2
SXRU1,SuiXi,SX,Upland,SXUpland,RawSoil,Day0,RawSoil_D0,110.26,21.4,SXRU1,3
SXRU2,SuiXi,SX,Upland,SXUpland,RawSoil,Day0,RawSoil_D0,110.25,21.4,SXRU2,3
SXRU3,SuiXi,SX,Upland,SXUpland,RawSoil,Day0,RawSoil_D0,110.25,21.43,SXRU3,3
YLRU1,YuLin,YL,Upland,YLUpland,RawSoil,Day0,RawSoil_D0,110.1,22.57,YLRU1,4
YLRU2,YuLin,YL,Upland,YLUpland,RawSoil,Day0,RawSoil_D0,110.09,22.57,YLRU2,4
YLRU3,YuLin,YL,Upland,YLUpland,RawSoil,Day0,RawSoil_D0,110.09,22.56,YLRU3,4
WZRU1,WuZhou,WZ,Upland,WZUpland,RawSoil,Day0,RawSoil_D0,111.34,23.55,WZRU1,5
WZRU2,WuZhou,WZ,Upland,WZUpland,RawSoil,Day0,RawSoil_D0,111.35,23.55,WZRU2,5
WZRU3,WuZhou,WZ,Upland,WZUpland,RawSoil,Day0,RawSoil_D0,111.35,23.56,WZRU3,5
JHRU1,JiangHua,JH,Upland,JHUpland,RawSoil,Day0,RawSoil_D0,111.58,25.21,JHRU1,6
JHRU2,JiangHua,JH,Upland,JHUpland,RawSoil,Day0,RawSoil_D0,111.57,25.21,JHRU2,6
JHRU3,JiangHua,JH,Upland,JHUpland,RawSoil,Day0,RawSoil_D0,111.57,25.21,JHRU3,6
QYRU1,QiYang,QY,Upland,QYUpland,RawSoil,Day0,RawSoil_D0,111.87,26.76,QYRU1,7
QYRU2,QiYang,QY,Upland,QYUpland,RawSoil,Day0,RawSoil_D0,111.87,26.76,QYRU2,7
QYRU3,QiYang,QY,Upland,QYUpland,RawSoil,Day0,RawSoil_D0,111.87,26.77,QYRU3,7
LDRU1,LouDi,LD,Upland,LDUpland,RawSoil,Day0,RawSoil_D0,112.01,27.64,LDRU1,8
LDRU2,LouDi,LD,Upland,LDUpland,RawSoil,Day0,RawSoil_D0,112.01,27.64,LDRU2,8
LDRU3,LouDi,LD,Upland,LDUpland,RawSoil,Day0,RawSoil_D0,112.03,27.62,LDRU3,8
YiYangRU1,YiYang,YiYang,Upland,YiYangUpland,RawSoil,Day0,RawSoil_D0,112.44,28.58,YiYangRU1,9
YiYangRU2,YiYang,YiYang,Upland,YiYangUpland,RawSoil,Day0,RawSoil_D0,112.44,28.58,YiYangRU2,9
YiYangRU3,YiYang,YiYang,Upland,YiYangUpland,RawSoil,Day0,RawSoil_D0,112.44,28.58,YiYangRU3,9
HRRU1,HuaRong,HR,Upland,HRUpland,RawSoil,Day0,RawSoil_D0,112.66,29.51,HRRU1,10
HRRU2,HuaRong,HR,Upland,HRUpland,RawSoil,Day0,RawSoil_D0,112.66,29.51,HRRU2,10
HRRU3,HuaRong,HR,Upland,HRUpland,RawSoil,Day0,RawSoil_D0,112.66,29.51,HRRU3,10
QJRU1,QianJiang,QJ,Upland,QJUpland,RawSoil,Day0,RawSoil_D0,112.9,30.46,QJRU1,11
QJRU2,QianJiang,QJ,Upland,QJUpland,RawSoil,Day0,RawSoil_D0,112.9,30.46,QJRU2,11
QJRU3,QianJiang,QJ,Upland,QJUpland,RawSoil,Day0,RawSoil_D0,112.9,30.46,QJRU3,11
XGRU1,XiaoGan,XG,Upland,XGUpland,RawSoil,Day0,RawSoil_D0,113.85,30.94,XGRU1,12
XGRU2,XiaoGan,XG,Upland,XGUpland,RawSoil,Day0,RawSoil_D0,113.85,30.94,XGRU2,12
XGRU3,XiaoGan,XG,Upland,XGUpland,RawSoil,Day0,RawSoil_D0,113.85,30.94,XGRU3,12
XYRU1,XinYang,XY,Upland,XYUpland,RawSoil,Day0,RawSoil_D0,114.08,32.2,XYRU1,13
XYRU2,XinYang,XY,Upland,XYUpland,RawSoil,Day0,RawSoil_D0,114.08,32.2,XYRU2,13
XYRU3,XinYang,XY,Upland,XYUpland,RawSoil,Day0,RawSoil_D0,114.08,32.2,XYRU3,13
LHRU1,LuoHe,LH,Upland,LHUpland,RawSoil,Day0,RawSoil_D0,113.96,33.52,LHRU1,14
LHRU2,LuoHe,LH,Upland,LHUpland,RawSoil,Day0,RawSoil_D0,113.96,33.52,LHRU2,14
LHRU3,LuoHe,LH,Upland,LHUpland,RawSoil,Day0,RawSoil_D0,113.47,33.52,LHRU3,14
YYRU1,YuanYang,YY,Upland,YYUpland,RawSoil,Day0,RawSoil_D0,113.69,35.01,YYRU1,15
YYRU2,YuanYang,YY,Upland,YYUpland,RawSoil,Day0,RawSoil_D0,113.69,35,YYRU2,15
YYRU3,YuanYang,YY,Upland,YYUpland,RawSoil,Day0,RawSoil_D0,113.68,35.02,YYRU3,15
HDRU1,HanDan,HD,Upland,HDUpland,RawSoil,Day0,RawSoil_D0,114.44,36.43,HDRU1,16
HDRU2,HanDan,HD,Upland,HDUpland,RawSoil,Day0,RawSoil_D0,114.44,36.44,HDRU2,16
HDRU3,HanDan,HD,Upland,HDUpland,RawSoil,Day0,RawSoil_D0,114.44,36.44,HDRU3,16
XJRU1,XinJi,XJ,Upland,XJUpland,RawSoil,Day0,RawSoil_D0,115.22,37.88,XJRU1,17
XJRU2,XinJi,XJ,Upland,XJUpland,RawSoil,Day0,RawSoil_D0,115.22,37.88,XJRU2,17
XJRU3,XinJi,XJ,Upland,XJUpland,RawSoil,Day0,RawSoil_D0,115.22,37.88,XJRU3,17
BZRU1,BaZhou,BZ,Upland,BZUpland,RawSoil,Day0,RawSoil_D0,116.32,39.15,BZRU1,18
BZRU2,BaZhou,BZ,Upland,BZUpland,RawSoil,Day0,RawSoil_D0,116.31,39.15,BZRU2,18
BZRU3,BaZhou,BZ,Upland,BZUpland,RawSoil,Day0,RawSoil_D0,116.32,39.14,BZRU3,18
QHDRU1,QinHuangDao,QHD,Upland,QHDUpland,RawSoil,Day0,RawSoil_D0,119.36,39.82,QHDRU1,19
QHDRU2,QinHuangDao,QHD,Upland,QHDUpland,RawSoil,Day0,RawSoil_D0,119.36,39.83,QHDRU2,19
QHDRU3,QinHuangDao,QHD,Upland,QHDUpland,RawSoil,Day0,RawSoil_D0,119.35,39.81,QHDRU3,19
PJRU1,PanJin,PJ,Upland,PJUpland,RawSoil,Day0,RawSoil_D0,122.13,41.24,PJRU1,20
PJRU2,PanJin,PJ,Upland,PJUpland,RawSoil,Day0,RawSoil_D0,122.13,41.24,PJRU2,20
PJRU3,PanJin,PJ,Upland,PJUpland,RawSoil,Day0,RawSoil_D0,122.12,41.24,PJRU3,20
SYSRU1,ShengYang,SYS,Upland,SYSUpland,RawSoil,Day0,RawSoil_D0,123.36,42,SYSRU1,21
SYSRU2,ShengYang,SYS,Upland,SYSUpland,RawSoil,Day0,RawSoil_D0,123.36,42,SYSRU2,21
SYSRU3,ShengYang,SYS,Upland,SYSUpland,RawSoil,Day0,RawSoil_D0,123.36,42,SYSRU3,21
SPRU1,SiPing,SP,Upland,SPUpland,RawSoil,Day0,RawSoil_D0,124.37,43.26,SPRU1,22
SPRU2,SiPing,SP,Upland,SPUpland,RawSoil,Day0,RawSoil_D0,124.37,43.26,SPRU2,22
SPRU3,SiPing,SP,Upland,SPUpland,RawSoil,Day0,RawSoil_D0,124.38,43.25,SPRU3,22
DHRU1,DeHui,DH,Upland,DHUpland,RawSoil,Day0,RawSoil_D0,125.76,44.55,DHRU1,23
DHRU2,DeHui,DH,Upland,DHUpland,RawSoil,Day0,RawSoil_D0,125.77,44.55,DHRU2,23
DHRU3,DeHui,DH,Upland,DHUpland,RawSoil,Day0,RawSoil_D0,125.77,44.55,DHRU3,23
HEBRU1,HaErBin,HEB,Upland,HEBUpland,RawSoil,Day0,RawSoil_D0,126.8,45.83,HEBRU1,24
HEBRU2,HaErBin,HEB,Upland,HEBUpland,RawSoil,Day0,RawSoil_D0,126.8,45.83,HEBRU2,24
HEBRU3,HaErBin,HEB,Upland,HEBUpland,RawSoil,Day0,RawSoil_D0,126.8,45.83,HEBRU3,24
HLRU1,HaiLun,HL,Upland,HLUpland,RawSoil,Day0,RawSoil_D0,127.01,47.46,HLRU1,25
HLRU2,HaiLun,HL,Upland,HLUpland,RawSoil,Day0,RawSoil_D0,127.01,47.46,HLRU2,25
HLRU3,HaiLun,HL,Upland,HLUpland,RawSoil,Day0,RawSoil_D0,127.01,47.46,HLRU3,25
NJRU1,NenJiang,NJ,Upland,NJUpland,RawSoil,Day0,RawSoil_D0,125.18,49.13,NJRU1,26
NJRU2,NenJiang,NJ,Upland,NJUpland,RawSoil,Day0,RawSoil_D0,125.18,49.14,NJRU2,26
NJRU3,NenJiang,NJ,Upland,NJUpland,RawSoil,Day0,RawSoil_D0,125.17,49.14,NJRU3,26
HMRU1,HuMa,HM,Upland,HMUpland,RawSoil,Day0,RawSoil_D0,126.62,51.72,HMRU1,27
HMRU2,HuMa,HM,Upland,HMUpland,RawSoil,Day0,RawSoil_D0,126.62,51.72,HMRU2,27
HMRU3,HuMa,HM,Upland,HMUpland,RawSoil,Day0,RawSoil_D0,126.62,57.72,HMRU3,27
MHRU1,MoHe,MH,Upland,MHUpland,RawSoil,Day0,RawSoil_D0,122.35,53.49,MHRU1,28
MHRU2,MoHe,MH,Upland,MHUpland,RawSoil,Day0,RawSoil_D0,122.35,53.49,MHRU2,28
MHRU3,MoHe,MH,Upland,MHUpland,RawSoil,Day0,RawSoil_D0,122.34,53.49,MHRU3,28
SYRP1,SanYa,SY,Paddy,SYPaddy,RawSoil,Day0,RawSoil_D0,109.65,18.34,SYRP1,1
SYRP2,SanYa,SY,Paddy,SYPaddy,RawSoil,Day0,RawSoil_D0,109.65,18.34,SYRP2,1
SYRP3,SanYa,SY,Paddy,SYPaddy,RawSoil,Day0,RawSoil_D0,109.65,18.34,SYRP3,1
HKRP1,HaiKou,HK,Paddy,HKPaddy,RawSoil,Day0,RawSoil_D0,110.25,19.81,HKRP1,2
HKRP2,HaiKou,HK,Paddy,HKPaddy,RawSoil,Day0,RawSoil_D0,110.25,19.8,HKRP2,2
HKRP3,HaiKou,HK,Paddy,HKPaddy,RawSoil,Day0,RawSoil_D0,110.26,19.82,HKRP3,2
SXRP1,SuiXi,SX,Paddy,SXPaddy,RawSoil,Day0,RawSoil_D0,110.26,21.4,SXRP1,3
SXRP2,SuiXi,SX,Paddy,SXPaddy,RawSoil,Day0,RawSoil_D0,110.26,21.4,SXRP2,3
SXRP3,SuiXi,SX,Paddy,SXPaddy,RawSoil,Day0,RawSoil_D0,110.25,21.43,SXRP3,3
YLRP1,YuLin,YL,Paddy,YLPaddy,RawSoil,Day0,RawSoil_D0,110.09,22.57,YLRP1,4
YLRP2,YuLin,YL,Paddy,YLPaddy,RawSoil,Day0,RawSoil_D0,110.09,22.57,YLRP2,4
YLRP3,YuLin,YL,Paddy,YLPaddy,RawSoil,Day0,RawSoil_D0,110.09,22.56,YLRP3,4
WZRP1,WuZhou,WZ,Paddy,WZPaddy,RawSoil,Day0,RawSoil_D0,111.35,23.55,WZRP1,5
WZRP2,WuZhou,WZ,Paddy,WZPaddy,RawSoil,Day0,RawSoil_D0,111.35,23.55,WZRP2,5
WZRP3,WuZhou,WZ,Paddy,WZPaddy,RawSoil,Day0,RawSoil_D0,111.35,23.55,WZRP3,5
JHRP1,JiangHua,JH,Paddy,JHPaddy,RawSoil,Day0,RawSoil_D0,111.58,25.21,JHRP1,6
JHRP2,JiangHua,JH,Paddy,JHPaddy,RawSoil,Day0,RawSoil_D0,111.57,25.21,JHRP2,6
JHRP3,JiangHua,JH,Paddy,JHPaddy,RawSoil,Day0,RawSoil_D0,111.57,25.21,JHRP3,6
QYRP1,QiYang,QY,Paddy,QYPaddy,RawSoil,Day0,RawSoil_D0,111.87,26.76,QYRP1,7
QYRP2,QiYang,QY,Paddy,QYPaddy,RawSoil,Day0,RawSoil_D0,111.87,26.76,QYRP2,7
QYRP3,QiYang,QY,Paddy,QYPaddy,RawSoil,Day0,RawSoil_D0,111.87,26.76,QYRP3,7
LDRP1,LouDi,LD,Paddy,LDPaddy,RawSoil,Day0,RawSoil_D0,112.01,27.63,LDRP1,8
LDRP2,LouDi,LD,Paddy,LDPaddy,RawSoil,Day0,RawSoil_D0,112.01,27.63,LDRP2,8
LDRP3,LouDi,LD,Paddy,LDPaddy,RawSoil,Day0,RawSoil_D0,112.03,27.62,LDRP3,8
YiYangRP1,YiYang,YiYang,Paddy,YiYangPaddy,RawSoil,Day0,RawSoil_D0,112.41,28.6,YiYangRP1,9
YiYangRP2,YiYang,YiYang,Paddy,YiYangPaddy,RawSoil,Day0,RawSoil_D0,112.41,28.44,YiYangRP2,9
YiYangRP3,YiYang,YiYang,Paddy,YiYangPaddy,RawSoil,Day0,RawSoil_D0,112.4,28.6,YiYangRP3,9
HRRP1,HuaRong,HR,Paddy,HRPaddy,RawSoil,Day0,RawSoil_D0,112.66,29.51,HRRP1,10
HRRP2,HuaRong,HR,Paddy,HRPaddy,RawSoil,Day0,RawSoil_D0,112.66,29.51,HRRP2,10
HRRP3,HuaRong,HR,Paddy,HRPaddy,RawSoil,Day0,RawSoil_D0,112.66,29.51,HRRP3,10
QJRP1,QianJiang,QJ,Paddy,QJPaddy,RawSoil,Day0,RawSoil_D0,112.9,30.43,QJRP1,11
QJRP2,QianJiang,QJ,Paddy,QJPaddy,RawSoil,Day0,RawSoil_D0,112.93,30.39,QJRP2,11
QJRP3,QianJiang,QJ,Paddy,QJPaddy,RawSoil,Day0,RawSoil_D0,112.92,30.4,QJRP3,11
XGRP1,XiaoGan,XG,Paddy,XGPaddy,RawSoil,Day0,RawSoil_D0,113.85,30.94,XGRP1,12
XGRP2,XiaoGan,XG,Paddy,XGPaddy,RawSoil,Day0,RawSoil_D0,113.85,30.94,XGRP2,12
XGRP3,XiaoGan,XG,Paddy,XGPaddy,RawSoil,Day0,RawSoil_D0,113.85,30.94,XGRP3,12
XYRP1,XinYang,XY,Paddy,XYPaddy,RawSoil,Day0,RawSoil_D0,114.08,32.2,XYRP1,13
XYRP2,XinYang,XY,Paddy,XYPaddy,RawSoil,Day0,RawSoil_D0,114.08,32.2,XYRP2,13
XYRP3,XinYang,XY,Paddy,XYPaddy,RawSoil,Day0,RawSoil_D0,114.07,32.2,XYRP3,13
YYRP1,YuanYang,YY,Paddy,YYPaddy,RawSoil,Day0,RawSoil_D0,113.69,35.02,YYRP1,15
YYRP2,YuanYang,YY,Paddy,YYPaddy,RawSoil,Day0,RawSoil_D0,113.69,35.02,YYRP2,15
YYRP3,YuanYang,YY,Paddy,YYPaddy,RawSoil,Day0,RawSoil_D0,113.68,35.02,YYRP3,15
HDRP1,HanDan,HD,Paddy,HDPaddy,RawSoil,Day0,RawSoil_D0,114.43,36.44,HDRP1,16
HDRP2,HanDan,HD,Paddy,HDPaddy,RawSoil,Day0,RawSoil_D0,114.43,36.45,HDRP2,16
HDRP3,HanDan,HD,Paddy,HDPaddy,RawSoil,Day0,RawSoil_D0,114.43,36.45,HDRP3,16
QHDRP1,QinHuangDao,QHD,Paddy,QHDPaddy,RawSoil,Day0,RawSoil_D0,119.36,39.82,QHDRP1,19
QHDRP2,QinHuangDao,QHD,Paddy,QHDPaddy,RawSoil,Day0,RawSoil_D0,119.37,39.82,QHDRP2,19
QHDRP3,QinHuangDao,QHD,Paddy,QHDPaddy,RawSoil,Day0,RawSoil_D0,119.35,39.81,QHDRP3,19
PJRP1,PanJin,PJ,Paddy,PJPaddy,RawSoil,Day0,RawSoil_D0,122.13,41.24,PJRP1,20
PJRP2,PanJin,PJ,Paddy,PJPaddy,RawSoil,Day0,RawSoil_D0,122.13,41.24,PJRP2,20
PJRP3,PanJin,PJ,Paddy,PJPaddy,RawSoil,Day0,RawSoil_D0,122.13,41.24,PJRP3,20
SYSRP1,ShengYang,SYS,Paddy,SYSPaddy,RawSoil,Day0,RawSoil_D0,123.36,42.02,SYSRP1,21
SYSRP2,ShengYang,SYS,Paddy,SYSPaddy,RawSoil,Day0,RawSoil_D0,123.36,42.01,SYSRP2,21
SYSRP3,ShengYang,SYS,Paddy,SYSPaddy,RawSoil,Day0,RawSoil_D0,123.36,42.01,SYSRP3,21
SPRP1,SiPing,SP,Paddy,SPPaddy,RawSoil,Day0,RawSoil_D0,124.37,43.25,SPRP1,22
SPRP2,SiPing,SP,Paddy,SPPaddy,RawSoil,Day0,RawSoil_D0,124.37,43.26,SPRP2,22
SPRP3,SiPing,SP,Paddy,SPPaddy,RawSoil,Day0,RawSoil_D0,124.37,43.26,SPRP3,22
DHRP1,DeHui,DH,Paddy,DHPaddy,RawSoil,Day0,RawSoil_D0,125.72,44.56,DHRP1,23
DHRP2,DeHui,DH,Paddy,DHPaddy,RawSoil,Day0,RawSoil_D0,125.76,44.55,DHRP2,23
DHRP3,DeHui,DH,Paddy,DHPaddy,RawSoil,Day0,RawSoil_D0,125.77,44.55,DHRP3,23
HEBRP1,HaErBin,HEB,Paddy,HEBPaddy,RawSoil,Day0,RawSoil_D0,126.8,45.83,HEBRP1,24
HEBRP2,HaErBin,HEB,Paddy,HEBPaddy,RawSoil,Day0,RawSoil_D0,125.8,45.83,HEBRP2,24
HEBRP3,HaErBin,HEB,Paddy,HEBPaddy,RawSoil,Day0,RawSoil_D0,126.8,45.82,HEBRP3,24
HLRP1,HaiLun,HL,Paddy,HLPaddy,RawSoil,Day0,RawSoil_D0,127.01,47.46,HLRP1,25
HLRP2,HaiLun,HL,Paddy,HLPaddy,RawSoil,Day0,RawSoil_D0,127.01,47.46,HLRP2,25
HLRP3,HaiLun,HL,Paddy,HLPaddy,RawSoil,Day0,RawSoil_D0,127.01,47.46,HLRP3,25
NJRP1,NenJiang,NJ,Paddy,NJPaddy,RawSoil,Day0,RawSoil_D0,125.17,49.14,NJRP1,26
NJRP2,NenJiang,NJ,Paddy,NJPaddy,RawSoil,Day0,RawSoil_D0,125.18,49.14,NJRP2,26
NJRP3,NenJiang,NJ,Paddy,NJPaddy,RawSoil,Day0,RawSoil_D0,125.18,49.14,NJRP3,26
HMRP1,HuMa,HM,Paddy,HMPaddy,RawSoil,Day0,RawSoil_D0,126.63,51.74,HMRP1,27
HMRP2,HuMa,HM,Paddy,HMPaddy,RawSoil,Day0,RawSoil_D0,126.63,51.74,HMRP2,27
HMRP3,HuMa,HM,Paddy,HMPaddy,RawSoil,Day0,RawSoil_D0,126.62,51.74,HMRP3,27
SYCKD7U1,SanYa,SY,Upland,SYUpland,NoStraw,Day7,NoStraw_Day7,109.65,18.34,SYCKD7U1,1
SYCKD7U2,SanYa,SY,Upland,SYUpland,NoStraw,Day7,NoStraw_Day7,109.65,18.34,SYCKD7U2,1
SYCKD7U3,SanYa,SY,Upland,SYUpland,NoStraw,Day7,NoStraw_Day7,109.64,18.34,SYCKD7U3,1
HKCKD7U1,HaiKou,HK,Upland,HKUpland,NoStraw,Day7,NoStraw_Day7,110.2,19.76,HKCKD7U1,2
HKCKD7U2,HaiKou,HK,Upland,HKUpland,NoStraw,Day7,NoStraw_Day7,110.2,19.76,HKCKD7U2,2
HKCKD7U3,HaiKou,HK,Upland,HKUpland,NoStraw,Day7,NoStraw_Day7,110.2,19.76,HKCKD7U3,2
SXCKD7U1,SuiXi,SX,Upland,SXUpland,NoStraw,Day7,NoStraw_Day7,110.26,21.4,SXCKD7U1,3
SXCKD7U2,SuiXi,SX,Upland,SXUpland,NoStraw,Day7,NoStraw_Day7,110.25,21.4,SXCKD7U2,3
SXCKD7U3,SuiXi,SX,Upland,SXUpland,NoStraw,Day7,NoStraw_Day7,110.25,21.43,SXCKD7U3,3
YLCKD7U1,YuLin,YL,Upland,YLUpland,NoStraw,Day7,NoStraw_Day7,110.1,22.57,YLCKD7U1,4
YLCKD7U2,YuLin,YL,Upland,YLUpland,NoStraw,Day7,NoStraw_Day7,110.09,22.57,YLCKD7U2,4
YLCKD7U3,YuLin,YL,Upland,YLUpland,NoStraw,Day7,NoStraw_Day7,110.09,22.56,YLCKD7U3,4
WZCKD7U1,WuZhou,WZ,Upland,WZUpland,NoStraw,Day7,NoStraw_Day7,111.34,23.55,WZCKD7U1,5
WZCKD7U2,WuZhou,WZ,Upland,WZUpland,NoStraw,Day7,NoStraw_Day7,111.35,23.55,WZCKD7U2,5
WZCKD7U3,WuZhou,WZ,Upland,WZUpland,NoStraw,Day7,NoStraw_Day7,111.35,23.56,WZCKD7U3,5
JHCKD7U1,JiangHua,JH,Upland,JHUpland,NoStraw,Day7,NoStraw_Day7,111.58,25.21,JHCKD7U1,6
JHCKD7U2,JiangHua,JH,Upland,JHUpland,NoStraw,Day7,NoStraw_Day7,111.57,25.21,JHCKD7U2,6
JHCKD7U3,JiangHua,JH,Upland,JHUpland,NoStraw,Day7,NoStraw_Day7,111.57,25.21,JHCKD7U3,6
QYCKD7U1,QiYang,QY,Upland,QYUpland,NoStraw,Day7,NoStraw_Day7,111.87,26.76,QYCKD7U1,7
QYCKD7U2,QiYang,QY,Upland,QYUpland,NoStraw,Day7,NoStraw_Day7,111.87,26.76,QYCKD7U2,7
QYCKD7U3,QiYang,QY,Upland,QYUpland,NoStraw,Day7,NoStraw_Day7,111.87,26.77,QYCKD7U3,7
LDCKD7U1,LouDi,LD,Upland,LDUpland,NoStraw,Day7,NoStraw_Day7,112.01,27.64,LDCKD7U1,8
LDCKD7U2,LouDi,LD,Upland,LDUpland,NoStraw,Day7,NoStraw_Day7,112.01,27.64,LDCKD7U2,8
LDCKD7U3,LouDi,LD,Upland,LDUpland,NoStraw,Day7,NoStraw_Day7,112.03,27.62,LDCKD7U3,8
YiYangCKD7U1,YiYang,YiYang,Upland,YiYangUpland,NoStraw,Day7,NoStraw_Day7,112.44,28.58,YiYangCKD7U1,9
YiYangCKD7U2,YiYang,YiYang,Upland,YiYangUpland,NoStraw,Day7,NoStraw_Day7,112.44,28.58,YiYangCKD7U2,9
YiYangCKD7U3,YiYang,YiYang,Upland,YiYangUpland,NoStraw,Day7,NoStraw_Day7,112.44,28.58,YiYangCKD7U3,9
HRCKD7U1,HuaRong,HR,Upland,HRUpland,NoStraw,Day7,NoStraw_Day7,112.66,29.51,HRCKD7U1,10
HRCKD7U2,HuaRong,HR,Upland,HRUpland,NoStraw,Day7,NoStraw_Day7,112.66,29.51,HRCKD7U2,10
HRCKD7U3,HuaRong,HR,Upland,HRUpland,NoStraw,Day7,NoStraw_Day7,112.66,29.51,HRCKD7U3,10
QJCKD7U1,QianJiang,QJ,Upland,QJUpland,NoStraw,Day7,NoStraw_Day7,112.9,30.46,QJCKD7U1,11
QJCKD7U2,QianJiang,QJ,Upland,QJUpland,NoStraw,Day7,NoStraw_Day7,112.9,30.46,QJCKD7U2,11
QJCKD7U3,QianJiang,QJ,Upland,QJUpland,NoStraw,Day7,NoStraw_Day7,112.9,30.46,QJCKD7U3,11
XGCKD7U1,XiaoGan,XG,Upland,XGUpland,NoStraw,Day7,NoStraw_Day7,113.85,30.94,XGCKD7U1,12
XGCKD7U2,XiaoGan,XG,Upland,XGUpland,NoStraw,Day7,NoStraw_Day7,113.85,30.94,XGCKD7U2,12
XGCKD7U3,XiaoGan,XG,Upland,XGUpland,NoStraw,Day7,NoStraw_Day7,113.85,30.94,XGCKD7U3,12
XYCKD7U1,XinYang,XY,Upland,XYUpland,NoStraw,Day7,NoStraw_Day7,114.08,32.2,XYCKD7U1,13
XYCKD7U2,XinYang,XY,Upland,XYUpland,NoStraw,Day7,NoStraw_Day7,114.08,32.2,XYCKD7U2,13
XYCKD7U3,XinYang,XY,Upland,XYUpland,NoStraw,Day7,NoStraw_Day7,114.08,32.2,XYCKD7U3,13
LHCKD7U1,LuoHe,LH,Upland,LHUpland,NoStraw,Day7,NoStraw_Day7,113.96,33.52,LHCKD7U1,14
LHCKD7U2,LuoHe,LH,Upland,LHUpland,NoStraw,Day7,NoStraw_Day7,113.96,33.52,LHCKD7U2,14
LHCKD7U3,LuoHe,LH,Upland,LHUpland,NoStraw,Day7,NoStraw_Day7,113.47,33.52,LHCKD7U3,14
YYCKD7U1,YuanYang,YY,Upland,YYUpland,NoStraw,Day7,NoStraw_Day7,113.69,35.01,YYCKD7U1,15
YYCKD7U2,YuanYang,YY,Upland,YYUpland,NoStraw,Day7,NoStraw_Day7,113.69,35,YYCKD7U2,15
YYCKD7U3,YuanYang,YY,Upland,YYUpland,NoStraw,Day7,NoStraw_Day7,113.68,35.02,YYCKD7U3,15
HDCKD7U1,HanDan,HD,Upland,HDUpland,NoStraw,Day7,NoStraw_Day7,114.44,36.43,HDCKD7U1,16
HDCKD7U2,HanDan,HD,Upland,HDUpland,NoStraw,Day7,NoStraw_Day7,114.44,36.44,HDCKD7U2,16
HDCKD7U3,HanDan,HD,Upland,HDUpland,NoStraw,Day7,NoStraw_Day7,114.44,36.44,HDCKD7U3,16
XJCKD7U1,XinJi,XJ,Upland,XJUpland,NoStraw,Day7,NoStraw_Day7,115.22,37.88,XJCKD7U1,17
XJCKD7U2,XinJi,XJ,Upland,XJUpland,NoStraw,Day7,NoStraw_Day7,115.22,37.88,XJCKD7U2,17
XJCKD7U3,XinJi,XJ,Upland,XJUpland,NoStraw,Day7,NoStraw_Day7,115.22,37.88,XJCKD7U3,17
BZCKD7U1,BaZhou,BZ,Upland,BZUpland,NoStraw,Day7,NoStraw_Day7,116.32,39.15,BZCKD7U1,18
BZCKD7U2,BaZhou,BZ,Upland,BZUpland,NoStraw,Day7,NoStraw_Day7,116.31,39.15,BZCKD7U2,18
BZCKD7U3,BaZhou,BZ,Upland,BZUpland,NoStraw,Day7,NoStraw_Day7,116.32,39.14,BZCKD7U3,18
QHDCKD7U1,QinHuangDao,QHD,Upland,QHDUpland,NoStraw,Day7,NoStraw_Day7,119.36,39.82,QHDCKD7U1,19
QHDCKD7U2,QinHuangDao,QHD,Upland,QHDUpland,NoStraw,Day7,NoStraw_Day7,119.36,39.83,QHDCKD7U2,19
QHDCKD7U3,QinHuangDao,QHD,Upland,QHDUpland,NoStraw,Day7,NoStraw_Day7,119.35,39.81,QHDCKD7U3,19
PJCKD7U1,PanJin,PJ,Upland,PJUpland,NoStraw,Day7,NoStraw_Day7,122.13,41.24,PJCKD7U1,20
PJCKD7U2,PanJin,PJ,Upland,PJUpland,NoStraw,Day7,NoStraw_Day7,122.13,41.24,PJCKD7U2,20
PJCKD7U3,PanJin,PJ,Upland,PJUpland,NoStraw,Day7,NoStraw_Day7,122.12,41.24,PJCKD7U3,20
SYSCKD7U1,ShengYang,SYS,Upland,SYSUpland,NoStraw,Day7,NoStraw_Day7,123.36,42,SYSCKD7U1,21
SYSCKD7U2,ShengYang,SYS,Upland,SYSUpland,NoStraw,Day7,NoStraw_Day7,123.36,42,SYSCKD7U2,21
SYSCKD7U3,ShengYang,SYS,Upland,SYSUpland,NoStraw,Day7,NoStraw_Day7,123.36,42,SYSCKD7U3,21
SPCKD7U1,SiPing,SP,Upland,SPUpland,NoStraw,Day7,NoStraw_Day7,124.37,43.26,SPCKD7U1,22
SPCKD7U2,SiPing,SP,Upland,SPUpland,NoStraw,Day7,NoStraw_Day7,124.37,43.26,SPCKD7U2,22
SPCKD7U3,SiPing,SP,Upland,SPUpland,NoStraw,Day7,NoStraw_Day7,124.38,43.25,SPCKD7U3,22
DHCKD7U1,DeHui,DH,Upland,DHUpland,NoStraw,Day7,NoStraw_Day7,125.76,44.55,DHCKD7U1,23
DHCKD7U2,DeHui,DH,Upland,DHUpland,NoStraw,Day7,NoStraw_Day7,125.77,44.55,DHCKD7U2,23
DHCKD7U3,DeHui,DH,Upland,DHUpland,NoStraw,Day7,NoStraw_Day7,125.77,44.55,DHCKD7U3,23
HEBCKD7U1,HaErBin,HEB,Upland,HEBUpland,NoStraw,Day7,NoStraw_Day7,126.8,45.83,HEBCKD7U1,24
HEBCKD7U2,HaErBin,HEB,Upland,HEBUpland,NoStraw,Day7,NoStraw_Day7,126.8,45.83,HEBCKD7U2,24
HEBCKD7U3,HaErBin,HEB,Upland,HEBUpland,NoStraw,Day7,NoStraw_Day7,126.8,45.83,HEBCKD7U3,24
HLCKD7U1,HaiLun,HL,Upland,HLUpland,NoStraw,Day7,NoStraw_Day7,127.01,47.46,HLCKD7U1,25
HLCKD7U2,HaiLun,HL,Upland,HLUpland,NoStraw,Day7,NoStraw_Day7,127.01,47.46,HLCKD7U2,25
HLCKD7U3,HaiLun,HL,Upland,HLUpland,NoStraw,Day7,NoStraw_Day7,127.01,47.46,HLCKD7U3,25
NJCKD7U1,NenJiang,NJ,Upland,NJUpland,NoStraw,Day7,NoStraw_Day7,125.18,49.13,NJCKD7U1,26
NJCKD7U2,NenJiang,NJ,Upland,NJUpland,NoStraw,Day7,NoStraw_Day7,125.18,49.14,NJCKD7U2,26
NJCKD7U3,NenJiang,NJ,Upland,NJUpland,NoStraw,Day7,NoStraw_Day7,125.17,49.14,NJCKD7U3,26
HMCKD7U1,HuMa,HM,Upland,HMUpland,NoStraw,Day7,NoStraw_Day7,126.62,51.72,HMCKD7U1,27
HMCKD7U2,HuMa,HM,Upland,HMUpland,NoStraw,Day7,NoStraw_Day7,126.62,51.72,HMCKD7U2,27
HMCKD7U3,HuMa,HM,Upland,HMUpland,NoStraw,Day7,NoStraw_Day7,126.62,57.72,HMCKD7U3,27
MHCKD7U1,MoHe,MH,Upland,MHUpland,NoStraw,Day7,NoStraw_Day7,122.35,53.49,MHCKD7U1,28
MHCKD7U2,MoHe,MH,Upland,MHUpland,NoStraw,Day7,NoStraw_Day7,122.35,53.49,MHCKD7U2,28
MHCKD7U3,MoHe,MH,Upland,MHUpland,NoStraw,Day7,NoStraw_Day7,122.34,53.49,MHCKD7U3,28
SYCKD7P1,SanYa,SY,Paddy,SYPaddy,NoStraw,Day7,NoStraw_Day7,109.65,18.34,SYCKD7P1,1
SYCKD7P2,SanYa,SY,Paddy,SYPaddy,NoStraw,Day7,NoStraw_Day7,109.65,18.34,SYCKD7P2,1
SYCKD7P3,SanYa,SY,Paddy,SYPaddy,NoStraw,Day7,NoStraw_Day7,109.65,18.34,SYCKD7P3,1
HKCKD7P1,HaiKou,HK,Paddy,HKPaddy,NoStraw,Day7,NoStraw_Day7,110.25,19.81,HKCKD7P1,2
HKCKD7P2,HaiKou,HK,Paddy,HKPaddy,NoStraw,Day7,NoStraw_Day7,110.25,19.8,HKCKD7P2,2
HKCKD7P3,HaiKou,HK,Paddy,HKPaddy,NoStraw,Day7,NoStraw_Day7,110.26,19.82,HKCKD7P3,2
SXCKD7P1,SuiXi,SX,Paddy,SXPaddy,NoStraw,Day7,NoStraw_Day7,110.26,21.4,SXCKD7P1,3
SXCKD7P2,SuiXi,SX,Paddy,SXPaddy,NoStraw,Day7,NoStraw_Day7,110.26,21.4,SXCKD7P2,3
SXCKD7P3,SuiXi,SX,Paddy,SXPaddy,NoStraw,Day7,NoStraw_Day7,110.25,21.43,SXCKD7P3,3
YLCKD7P1,YuLin,YL,Paddy,YLPaddy,NoStraw,Day7,NoStraw_Day7,110.09,22.57,YLCKD7P1,4
YLCKD7P2,YuLin,YL,Paddy,YLPaddy,NoStraw,Day7,NoStraw_Day7,110.09,22.57,YLCKD7P2,4
YLCKD7P3,YuLin,YL,Paddy,YLPaddy,NoStraw,Day7,NoStraw_Day7,110.09,22.56,YLCKD7P3,4
WZCKD7P1,WuZhou,WZ,Paddy,WZPaddy,NoStraw,Day7,NoStraw_Day7,111.35,23.55,WZCKD7P1,5
WZCKD7P2,WuZhou,WZ,Paddy,WZPaddy,NoStraw,Day7,NoStraw_Day7,111.35,23.55,WZCKD7P2,5
WZCKD7P3,WuZhou,WZ,Paddy,WZPaddy,NoStraw,Day7,NoStraw_Day7,111.35,23.55,WZCKD7P3,5
JHCKD7P1,JiangHua,JH,Paddy,JHPaddy,NoStraw,Day7,NoStraw_Day7,111.58,25.21,JHCKD7P1,6
JHCKD7P2,JiangHua,JH,Paddy,JHPaddy,NoStraw,Day7,NoStraw_Day7,111.57,25.21,JHCKD7P2,6
JHCKD7P3,JiangHua,JH,Paddy,JHPaddy,NoStraw,Day7,NoStraw_Day7,111.57,25.21,JHCKD7P3,6
QYCKD7P1,QiYang,QY,Paddy,QYPaddy,NoStraw,Day7,NoStraw_Day7,111.87,26.76,QYCKD7P1,7
QYCKD7P2,QiYang,QY,Paddy,QYPaddy,NoStraw,Day7,NoStraw_Day7,111.87,26.76,QYCKD7P2,7
QYCKD7P3,QiYang,QY,Paddy,QYPaddy,NoStraw,Day7,NoStraw_Day7,111.87,26.76,QYCKD7P3,7
LDCKD7P1,LouDi,LD,Paddy,LDPaddy,NoStraw,Day7,NoStraw_Day7,112.01,27.63,LDCKD7P1,8
LDCKD7P2,LouDi,LD,Paddy,LDPaddy,NoStraw,Day7,NoStraw_Day7,112.01,27.63,LDCKD7P2,8
LDCKD7P3,LouDi,LD,Paddy,LDPaddy,NoStraw,Day7,NoStraw_Day7,112.03,27.62,LDCKD7P3,8
YiYangCKD7P1,YiYang,YiYang,Paddy,YiYangPaddy,NoStraw,Day7,NoStraw_Day7,112.41,28.6,YiYangCKD7P1,9
YiYangCKD7P2,YiYang,YiYang,Paddy,YiYangPaddy,NoStraw,Day7,NoStraw_Day7,112.41,28.44,YiYangCKD7P2,9
YiYangCKD7P3,YiYang,YiYang,Paddy,YiYangPaddy,NoStraw,Day7,NoStraw_Day7,112.4,28.6,YiYangCKD7P3,9
HRCKD7P1,HuaRong,HR,Paddy,HRPaddy,NoStraw,Day7,NoStraw_Day7,112.66,29.51,HRCKD7P1,10
HRCKD7P2,HuaRong,HR,Paddy,HRPaddy,NoStraw,Day7,NoStraw_Day7,112.66,29.51,HRCKD7P2,10
HRCKD7P3,HuaRong,HR,Paddy,HRPaddy,NoStraw,Day7,NoStraw_Day7,112.66,29.51,HRCKD7P3,10
QJCKD7P1,QianJiang,QJ,Paddy,QJPaddy,NoStraw,Day7,NoStraw_Day7,112.9,30.43,QJCKD7P1,11
QJCKD7P2,QianJiang,QJ,Paddy,QJPaddy,NoStraw,Day7,NoStraw_Day7,112.93,30.39,QJCKD7P2,11
QJCKD7P3,QianJiang,QJ,Paddy,QJPaddy,NoStraw,Day7,NoStraw_Day7,112.92,30.4,QJCKD7P3,11
XGCKD7P1,XiaoGan,XG,Paddy,XGPaddy,NoStraw,Day7,NoStraw_Day7,113.85,30.94,XGCKD7P1,12
XGCKD7P2,XiaoGan,XG,Paddy,XGPaddy,NoStraw,Day7,NoStraw_Day7,113.85,30.94,XGCKD7P2,12
XGCKD7P3,XiaoGan,XG,Paddy,XGPaddy,NoStraw,Day7,NoStraw_Day7,113.85,30.94,XGCKD7P3,12
XYCKD7P1,XinYang,XY,Paddy,XYPaddy,NoStraw,Day7,NoStraw_Day7,114.08,32.2,XYCKD7P1,13
XYCKD7P2,XinYang,XY,Paddy,XYPaddy,NoStraw,Day7,NoStraw_Day7,114.08,32.2,XYCKD7P2,13
XYCKD7P3,XinYang,XY,Paddy,XYPaddy,NoStraw,Day7,NoStraw_Day7,114.07,32.2,XYCKD7P3,13
YYCKD7P1,YuanYang,YY,Paddy,YYPaddy,NoStraw,Day7,NoStraw_Day7,113.69,35.02,YYCKD7P1,15
YYCKD7P2,YuanYang,YY,Paddy,YYPaddy,NoStraw,Day7,NoStraw_Day7,113.69,35.02,YYCKD7P2,15
YYCKD7P3,YuanYang,YY,Paddy,YYPaddy,NoStraw,Day7,NoStraw_Day7,113.68,35.02,YYCKD7P3,15
HDCKD7P1,HanDan,HD,Paddy,HDPaddy,NoStraw,Day7,NoStraw_Day7,114.43,36.44,HDCKD7P1,16
HDCKD7P2,HanDan,HD,Paddy,HDPaddy,NoStraw,Day7,NoStraw_Day7,114.43,36.45,HDCKD7P2,16
HDCKD7P3,HanDan,HD,Paddy,HDPaddy,NoStraw,Day7,NoStraw_Day7,114.43,36.45,HDCKD7P3,16
QHDCKD7P1,QinHuangDao,QHD,Paddy,QHDPaddy,NoStraw,Day7,NoStraw_Day7,119.36,39.82,QHDCKD7P1,19
QHDCKD7P2,QinHuangDao,QHD,Paddy,QHDPaddy,NoStraw,Day7,NoStraw_Day7,119.37,39.82,QHDCKD7P2,19
QHDCKD7P3,QinHuangDao,QHD,Paddy,QHDPaddy,NoStraw,Day7,NoStraw_Day7,119.35,39.81,QHDCKD7P3,19
PJCKD7P1,PanJin,PJ,Paddy,PJPaddy,NoStraw,Day7,NoStraw_Day7,122.13,41.24,PJCKD7P1,20
PJCKD7P2,PanJin,PJ,Paddy,PJPaddy,NoStraw,Day7,NoStraw_Day7,122.13,41.24,PJCKD7P2,20
PJCKD7P3,PanJin,PJ,Paddy,PJPaddy,NoStraw,Day7,NoStraw_Day7,122.13,41.24,PJCKD7P3,20
SYSCKD7P1,ShengYang,SYS,Paddy,SYSPaddy,NoStraw,Day7,NoStraw_Day7,123.36,42.02,SYSCKD7P1,21
SYSCKD7P2,ShengYang,SYS,Paddy,SYSPaddy,NoStraw,Day7,NoStraw_Day7,123.36,42.01,SYSCKD7P2,21
SYSCKD7P3,ShengYang,SYS,Paddy,SYSPaddy,NoStraw,Day7,NoStraw_Day7,123.36,42.01,SYSCKD7P3,21
SPCKD7P1,SiPing,SP,Paddy,SPPaddy,NoStraw,Day7,NoStraw_Day7,124.37,43.25,SPCKD7P1,22
SPCKD7P2,SiPing,SP,Paddy,SPPaddy,NoStraw,Day7,NoStraw_Day7,124.37,43.26,SPCKD7P2,22
SPCKD7P3,SiPing,SP,Paddy,SPPaddy,NoStraw,Day7,NoStraw_Day7,124.37,43.26,SPCKD7P3,22
DHCKD7P1,DeHui,DH,Paddy,DHPaddy,NoStraw,Day7,NoStraw_Day7,125.72,44.56,DHCKD7P1,23
DHCKD7P2,DeHui,DH,Paddy,DHPaddy,NoStraw,Day7,NoStraw_Day7,125.76,44.55,DHCKD7P2,23
DHCKD7P3,DeHui,DH,Paddy,DHPaddy,NoStraw,Day7,NoStraw_Day7,125.77,44.55,DHCKD7P3,23
HEBCKD7P1,HaErBin,HEB,Paddy,HEBPaddy,NoStraw,Day7,NoStraw_Day7,126.8,45.83,HEBCKD7P1,24
HEBCKD7P2,HaErBin,HEB,Paddy,HEBPaddy,NoStraw,Day7,NoStraw_Day7,125.8,45.83,HEBCKD7P2,24
HEBCKD7P3,HaErBin,HEB,Paddy,HEBPaddy,NoStraw,Day7,NoStraw_Day7,126.8,45.82,HEBCKD7P3,24
HLCKD7P1,HaiLun,HL,Paddy,HLPaddy,NoStraw,Day7,NoStraw_Day7,127.01,47.46,HLCKD7P1,25
HLCKD7P2,HaiLun,HL,Paddy,HLPaddy,NoStraw,Day7,NoStraw_Day7,127.01,47.46,HLCKD7P2,25
HLCKD7P3,HaiLun,HL,Paddy,HLPaddy,NoStraw,Day7,NoStraw_Day7,127.01,47.46,HLCKD7P3,25
NJCKD7P1,NenJiang,NJ,Paddy,NJPaddy,NoStraw,Day7,NoStraw_Day7,125.17,49.14,NJCKD7P1,26
NJCKD7P2,NenJiang,NJ,Paddy,NJPaddy,NoStraw,Day7,NoStraw_Day7,125.18,49.14,NJCKD7P2,26
NJCKD7P3,NenJiang,NJ,Paddy,NJPaddy,NoStraw,Day7,NoStraw_Day7,125.18,49.14,NJCKD7P3,26
HMCKD7P1,HuMa,HM,Paddy,HMPaddy,NoStraw,Day7,NoStraw_Day7,126.63,51.74,HMCKD7P1,27
HMCKD7P2,HuMa,HM,Paddy,HMPaddy,NoStraw,Day7,NoStraw_Day7,126.63,51.74,HMCKD7P2,27
HMCKD7P3,HuMa,HM,Paddy,HMPaddy,NoStraw,Day7,NoStraw_Day7,126.62,51.74,HMCKD7P3,27
SYCKD30U1,SanYa,SY,Upland,SYUpland,NoStraw,Day30,NoStraw_Day30,109.65,18.34,SYCKD30U1,1
SYCKD30U2,SanYa,SY,Upland,SYUpland,NoStraw,Day30,NoStraw_Day30,109.65,18.34,SYCKD30U2,1
SYCKD30U3,SanYa,SY,Upland,SYUpland,NoStraw,Day30,NoStraw_Day30,109.64,18.34,SYCKD30U3,1
HKCKD30U1,HaiKou,HK,Upland,HKUpland,NoStraw,Day30,NoStraw_Day30,110.2,19.76,HKCKD30U1,2
HKCKD30U2,HaiKou,HK,Upland,HKUpland,NoStraw,Day30,NoStraw_Day30,110.2,19.76,HKCKD30U2,2
HKCKD30U3,HaiKou,HK,Upland,HKUpland,NoStraw,Day30,NoStraw_Day30,110.2,19.76,HKCKD30U3,2
SXCKD30U1,SuiXi,SX,Upland,SXUpland,NoStraw,Day30,NoStraw_Day30,110.26,21.4,SXCKD30U1,3
SXCKD30U2,SuiXi,SX,Upland,SXUpland,NoStraw,Day30,NoStraw_Day30,110.25,21.4,SXCKD30U2,3
SXCKD30U3,SuiXi,SX,Upland,SXUpland,NoStraw,Day30,NoStraw_Day30,110.25,21.43,SXCKD30U3,3
YLCKD30U1,YuLin,YL,Upland,YLUpland,NoStraw,Day30,NoStraw_Day30,110.1,22.57,YLCKD30U1,4
YLCKD30U2,YuLin,YL,Upland,YLUpland,NoStraw,Day30,NoStraw_Day30,110.09,22.57,YLCKD30U2,4
YLCKD30U3,YuLin,YL,Upland,YLUpland,NoStraw,Day30,NoStraw_Day30,110.09,22.56,YLCKD30U3,4
WZCKD30U1,WuZhou,WZ,Upland,WZUpland,NoStraw,Day30,NoStraw_Day30,111.34,23.55,WZCKD30U1,5
WZCKD30U2,WuZhou,WZ,Upland,WZUpland,NoStraw,Day30,NoStraw_Day30,111.35,23.55,WZCKD30U2,5
WZCKD30U3,WuZhou,WZ,Upland,WZUpland,NoStraw,Day30,NoStraw_Day30,111.35,23.56,WZCKD30U3,5
JHCKD30U1,JiangHua,JH,Upland,JHUpland,NoStraw,Day30,NoStraw_Day30,111.58,25.21,JHCKD30U1,6
JHCKD30U2,JiangHua,JH,Upland,JHUpland,NoStraw,Day30,NoStraw_Day30,111.57,25.21,JHCKD30U2,6
JHCKD30U3,JiangHua,JH,Upland,JHUpland,NoStraw,Day30,NoStraw_Day30,111.57,25.21,JHCKD30U3,6
QYCKD30U1,QiYang,QY,Upland,QYUpland,NoStraw,Day30,NoStraw_Day30,111.87,26.76,QYCKD30U1,7
QYCKD30U2,QiYang,QY,Upland,QYUpland,NoStraw,Day30,NoStraw_Day30,111.87,26.76,QYCKD30U2,7
QYCKD30U3,QiYang,QY,Upland,QYUpland,NoStraw,Day30,NoStraw_Day30,111.87,26.77,QYCKD30U3,7
LDCKD30U1,LouDi,LD,Upland,LDUpland,NoStraw,Day30,NoStraw_Day30,112.01,27.64,LDCKD30U1,8
LDCKD30U2,LouDi,LD,Upland,LDUpland,NoStraw,Day30,NoStraw_Day30,112.01,27.64,LDCKD30U2,8
LDCKD30U3,LouDi,LD,Upland,LDUpland,NoStraw,Day30,NoStraw_Day30,112.03,27.62,LDCKD30U3,8
YiYangCKD30U1,YiYang,YiYang,Upland,YiYangUpland,NoStraw,Day30,NoStraw_Day30,112.44,28.58,YiYangCKD30U1,9
YiYangCKD30U2,YiYang,YiYang,Upland,YiYangUpland,NoStraw,Day30,NoStraw_Day30,112.44,28.58,YiYangCKD30U2,9
YiYangCKD30U3,YiYang,YiYang,Upland,YiYangUpland,NoStraw,Day30,NoStraw_Day30,112.44,28.58,YiYangCKD30U3,9
HRCKD30U1,HuaRong,HR,Upland,HRUpland,NoStraw,Day30,NoStraw_Day30,112.66,29.51,HRCKD30U1,10
HRCKD30U2,HuaRong,HR,Upland,HRUpland,NoStraw,Day30,NoStraw_Day30,112.66,29.51,HRCKD30U2,10
HRCKD30U3,HuaRong,HR,Upland,HRUpland,NoStraw,Day30,NoStraw_Day30,112.66,29.51,HRCKD30U3,10
QJCKD30U1,QianJiang,QJ,Upland,QJUpland,NoStraw,Day30,NoStraw_Day30,112.9,30.46,QJCKD30U1,11
QJCKD30U2,QianJiang,QJ,Upland,QJUpland,NoStraw,Day30,NoStraw_Day30,112.9,30.46,QJCKD30U2,11
QJCKD30U3,QianJiang,QJ,Upland,QJUpland,NoStraw,Day30,NoStraw_Day30,112.9,30.46,QJCKD30U3,11
XGCKD30U1,XiaoGan,XG,Upland,XGUpland,NoStraw,Day30,NoStraw_Day30,113.85,30.94,XGCKD30U1,12
XGCKD30U2,XiaoGan,XG,Upland,XGUpland,NoStraw,Day30,NoStraw_Day30,113.85,30.94,XGCKD30U2,12
XGCKD30U3,XiaoGan,XG,Upland,XGUpland,NoStraw,Day30,NoStraw_Day30,113.85,30.94,XGCKD30U3,12
XYCKD30U1,XinYang,XY,Upland,XYUpland,NoStraw,Day30,NoStraw_Day30,114.08,32.2,XYCKD30U1,13
XYCKD30U2,XinYang,XY,Upland,XYUpland,NoStraw,Day30,NoStraw_Day30,114.08,32.2,XYCKD30U2,13
XYCKD30U3,XinYang,XY,Upland,XYUpland,NoStraw,Day30,NoStraw_Day30,114.08,32.2,XYCKD30U3,13
LHCKD30U1,LuoHe,LH,Upland,LHUpland,NoStraw,Day30,NoStraw_Day30,113.96,33.52,LHCKD30U1,14
LHCKD30U2,LuoHe,LH,Upland,LHUpland,NoStraw,Day30,NoStraw_Day30,113.96,33.52,LHCKD30U2,14
LHCKD30U3,LuoHe,LH,Upland,LHUpland,NoStraw,Day30,NoStraw_Day30,113.47,33.52,LHCKD30U3,14
YYCKD30U1,YuanYang,YY,Upland,YYUpland,NoStraw,Day30,NoStraw_Day30,113.69,35.01,YYCKD30U1,15
YYCKD30U2,YuanYang,YY,Upland,YYUpland,NoStraw,Day30,NoStraw_Day30,113.69,35,YYCKD30U2,15
YYCKD30U3,YuanYang,YY,Upland,YYUpland,NoStraw,Day30,NoStraw_Day30,113.68,35.02,YYCKD30U3,15
HDCKD30U1,HanDan,HD,Upland,HDUpland,NoStraw,Day30,NoStraw_Day30,114.44,36.43,HDCKD30U1,16
HDCKD30U2,HanDan,HD,Upland,HDUpland,NoStraw,Day30,NoStraw_Day30,114.44,36.44,HDCKD30U2,16
HDCKD30U3,HanDan,HD,Upland,HDUpland,NoStraw,Day30,NoStraw_Day30,114.44,36.44,HDCKD30U3,16
XJCKD30U1,XinJi,XJ,Upland,XJUpland,NoStraw,Day30,NoStraw_Day30,115.22,37.88,XJCKD30U1,17
XJCKD30U2,XinJi,XJ,Upland,XJUpland,NoStraw,Day30,NoStraw_Day30,115.22,37.88,XJCKD30U2,17
XJCKD30U3,XinJi,XJ,Upland,XJUpland,NoStraw,Day30,NoStraw_Day30,115.22,37.88,XJCKD30U3,17
BZCKD30U1,BaZhou,BZ,Upland,BZUpland,NoStraw,Day30,NoStraw_Day30,116.32,39.15,BZCKD30U1,18
BZCKD30U2,BaZhou,BZ,Upland,BZUpland,NoStraw,Day30,NoStraw_Day30,116.31,39.15,BZCKD30U2,18
BZCKD30U3,BaZhou,BZ,Upland,BZUpland,NoStraw,Day30,NoStraw_Day30,116.32,39.14,BZCKD30U3,18
QHDCKD30U1,QinHuangDao,QHD,Upland,QHDUpland,NoStraw,Day30,NoStraw_Day30,119.36,39.82,QHDCKD30U1,19
QHDCKD30U2,QinHuangDao,QHD,Upland,QHDUpland,NoStraw,Day30,NoStraw_Day30,119.36,39.83,QHDCKD30U2,19
QHDCKD30U3,QinHuangDao,QHD,Upland,QHDUpland,NoStraw,Day30,NoStraw_Day30,119.35,39.81,QHDCKD30U3,19
PJCKD30U1,PanJin,PJ,Upland,PJUpland,NoStraw,Day30,NoStraw_Day30,122.13,41.24,PJCKD30U1,20
PJCKD30U2,PanJin,PJ,Upland,PJUpland,NoStraw,Day30,NoStraw_Day30,122.13,41.24,PJCKD30U2,20
PJCKD30U3,PanJin,PJ,Upland,PJUpland,NoStraw,Day30,NoStraw_Day30,122.12,41.24,PJCKD30U3,20
SYSCKD30U1,ShengYang,SYS,Upland,SYSUpland,NoStraw,Day30,NoStraw_Day30,123.36,42,SYSCKD30U1,21
SYSCKD30U2,ShengYang,SYS,Upland,SYSUpland,NoStraw,Day30,NoStraw_Day30,123.36,42,SYSCKD30U2,21
SYSCKD30U3,ShengYang,SYS,Upland,SYSUpland,NoStraw,Day30,NoStraw_Day30,123.36,42,SYSCKD30U3,21
SPCKD30U1,SiPing,SP,Upland,SPUpland,NoStraw,Day30,NoStraw_Day30,124.37,43.26,SPCKD30U1,22
SPCKD30U2,SiPing,SP,Upland,SPUpland,NoStraw,Day30,NoStraw_Day30,124.37,43.26,SPCKD30U2,22
SPCKD30U3,SiPing,SP,Upland,SPUpland,NoStraw,Day30,NoStraw_Day30,124.38,43.25,SPCKD30U3,22
DHCKD30U1,DeHui,DH,Upland,DHUpland,NoStraw,Day30,NoStraw_Day30,125.76,44.55,DHCKD30U1,23
DHCKD30U2,DeHui,DH,Upland,DHUpland,NoStraw,Day30,NoStraw_Day30,125.77,44.55,DHCKD30U2,23
DHCKD30U3,DeHui,DH,Upland,DHUpland,NoStraw,Day30,NoStraw_Day30,125.77,44.55,DHCKD30U3,23
HEBCKD30U1,HaErBin,HEB,Upland,HEBUpland,NoStraw,Day30,NoStraw_Day30,126.8,45.83,HEBCKD30U1,24
HEBCKD30U2,HaErBin,HEB,Upland,HEBUpland,NoStraw,Day30,NoStraw_Day30,126.8,45.83,HEBCKD30U2,24
HEBCKD30U3,HaErBin,HEB,Upland,HEBUpland,NoStraw,Day30,NoStraw_Day30,126.8,45.83,HEBCKD30U3,24
HLCKD30U1,HaiLun,HL,Upland,HLUpland,NoStraw,Day30,NoStraw_Day30,127.01,47.46,HLCKD30U1,25
HLCKD30U2,HaiLun,HL,Upland,HLUpland,NoStraw,Day30,NoStraw_Day30,127.01,47.46,HLCKD30U2,25
HLCKD30U3,HaiLun,HL,Upland,HLUpland,NoStraw,Day30,NoStraw_Day30,127.01,47.46,HLCKD30U3,25
NJCKD30U1,NenJiang,NJ,Upland,NJUpland,NoStraw,Day30,NoStraw_Day30,125.18,49.13,NJCKD30U1,26
NJCKD30U2,NenJiang,NJ,Upland,NJUpland,NoStraw,Day30,NoStraw_Day30,125.18,49.14,NJCKD30U2,26
NJCKD30U3,NenJiang,NJ,Upland,NJUpland,NoStraw,Day30,NoStraw_Day30,125.17,49.14,NJCKD30U3,26
HMCKD30U1,HuMa,HM,Upland,HMUpland,NoStraw,Day30,NoStraw_Day30,126.62,51.72,HMCKD30U1,27
HMCKD30U2,HuMa,HM,Upland,HMUpland,NoStraw,Day30,NoStraw_Day30,126.62,51.72,HMCKD30U2,27
HMCKD30U3,HuMa,HM,Upland,HMUpland,NoStraw,Day30,NoStraw_Day30,126.62,57.72,HMCKD30U3,27
MHCKD30U1,MoHe,MH,Upland,MHUpland,NoStraw,Day30,NoStraw_Day30,122.35,53.49,MHCKD30U1,28
MHCKD30U2,MoHe,MH,Upland,MHUpland,NoStraw,Day30,NoStraw_Day30,122.35,53.49,MHCKD30U2,28
MHCKD30U3,MoHe,MH,Upland,MHUpland,NoStraw,Day30,NoStraw_Day30,122.34,53.49,MHCKD30U3,28
SYCKD30P1,SanYa,SY,Paddy,SYPaddy,NoStraw,Day30,NoStraw_Day30,109.65,18.34,SYCKD30P1,1
SYCKD30P2,SanYa,SY,Paddy,SYPaddy,NoStraw,Day30,NoStraw_Day30,109.65,18.34,SYCKD30P2,1
SYCKD30P3,SanYa,SY,Paddy,SYPaddy,NoStraw,Day30,NoStraw_Day30,109.65,18.34,SYCKD30P3,1
HKCKD30P1,HaiKou,HK,Paddy,HKPaddy,NoStraw,Day30,NoStraw_Day30,110.25,19.81,HKCKD30P1,2
HKCKD30P2,HaiKou,HK,Paddy,HKPaddy,NoStraw,Day30,NoStraw_Day30,110.25,19.8,HKCKD30P2,2
HKCKD30P3,HaiKou,HK,Paddy,HKPaddy,NoStraw,Day30,NoStraw_Day30,110.26,19.82,HKCKD30P3,2
SXCKD30P1,SuiXi,SX,Paddy,SXPaddy,NoStraw,Day30,NoStraw_Day30,110.26,21.4,SXCKD30P1,3
SXCKD30P2,SuiXi,SX,Paddy,SXPaddy,NoStraw,Day30,NoStraw_Day30,110.26,21.4,SXCKD30P2,3
SXCKD30P3,SuiXi,SX,Paddy,SXPaddy,NoStraw,Day30,NoStraw_Day30,110.25,21.43,SXCKD30P3,3
YLCKD30P1,YuLin,YL,Paddy,YLPaddy,NoStraw,Day30,NoStraw_Day30,110.09,22.57,YLCKD30P1,4
YLCKD30P2,YuLin,YL,Paddy,YLPaddy,NoStraw,Day30,NoStraw_Day30,110.09,22.57,YLCKD30P2,4
YLCKD30P3,YuLin,YL,Paddy,YLPaddy,NoStraw,Day30,NoStraw_Day30,110.09,22.56,YLCKD30P3,4
WZCKD30P1,WuZhou,WZ,Paddy,WZPaddy,NoStraw,Day30,NoStraw_Day30,111.35,23.55,WZCKD30P1,5
WZCKD30P2,WuZhou,WZ,Paddy,WZPaddy,NoStraw,Day30,NoStraw_Day30,111.35,23.55,WZCKD30P2,5
WZCKD30P3,WuZhou,WZ,Paddy,WZPaddy,NoStraw,Day30,NoStraw_Day30,111.35,23.55,WZCKD30P3,5
JHCKD30P1,JiangHua,JH,Paddy,JHPaddy,NoStraw,Day30,NoStraw_Day30,111.58,25.21,JHCKD30P1,6
JHCKD30P2,JiangHua,JH,Paddy,JHPaddy,NoStraw,Day30,NoStraw_Day30,111.57,25.21,JHCKD30P2,6
JHCKD30P3,JiangHua,JH,Paddy,JHPaddy,NoStraw,Day30,NoStraw_Day30,111.57,25.21,JHCKD30P3,6
QYCKD30P1,QiYang,QY,Paddy,QYPaddy,NoStraw,Day30,NoStraw_Day30,111.87,26.76,QYCKD30P1,7
QYCKD30P2,QiYang,QY,Paddy,QYPaddy,NoStraw,Day30,NoStraw_Day30,111.87,26.76,QYCKD30P2,7
QYCKD30P3,QiYang,QY,Paddy,QYPaddy,NoStraw,Day30,NoStraw_Day30,111.87,26.76,QYCKD30P3,7
LDCKD30P1,LouDi,LD,Paddy,LDPaddy,NoStraw,Day30,NoStraw_Day30,112.01,27.63,LDCKD30P1,8
LDCKD30P2,LouDi,LD,Paddy,LDPaddy,NoStraw,Day30,NoStraw_Day30,112.01,27.63,LDCKD30P2,8
LDCKD30P3,LouDi,LD,Paddy,LDPaddy,NoStraw,Day30,NoStraw_Day30,112.03,27.62,LDCKD30P3,8
YiYangCKD30P1,YiYang,YiYang,Paddy,YiYangPaddy,NoStraw,Day30,NoStraw_Day30,112.41,28.6,YiYangCKD30P1,9
YiYangCKD30P2,YiYang,YiYang,Paddy,YiYangPaddy,NoStraw,Day30,NoStraw_Day30,112.41,28.44,YiYangCKD30P2,9
YiYangCKD30P3,YiYang,YiYang,Paddy,YiYangPaddy,NoStraw,Day30,NoStraw_Day30,112.4,28.6,YiYangCKD30P3,9
HRCKD30P1,HuaRong,HR,Paddy,HRPaddy,NoStraw,Day30,NoStraw_Day30,112.66,29.51,HRCKD30P1,10
HRCKD30P2,HuaRong,HR,Paddy,HRPaddy,NoStraw,Day30,NoStraw_Day30,112.66,29.51,HRCKD30P2,10
HRCKD30P3,HuaRong,HR,Paddy,HRPaddy,NoStraw,Day30,NoStraw_Day30,112.66,29.51,HRCKD30P3,10
QJCKD30P1,QianJiang,QJ,Paddy,QJPaddy,NoStraw,Day30,NoStraw_Day30,112.9,30.43,QJCKD30P1,11
QJCKD30P2,QianJiang,QJ,Paddy,QJPaddy,NoStraw,Day30,NoStraw_Day30,112.93,30.39,QJCKD30P2,11
QJCKD30P3,QianJiang,QJ,Paddy,QJPaddy,NoStraw,Day30,NoStraw_Day30,112.92,30.4,QJCKD30P3,11
XGCKD30P1,XiaoGan,XG,Paddy,XGPaddy,NoStraw,Day30,NoStraw_Day30,113.85,30.94,XGCKD30P1,12
XGCKD30P2,XiaoGan,XG,Paddy,XGPaddy,NoStraw,Day30,NoStraw_Day30,113.85,30.94,XGCKD30P2,12
XGCKD30P3,XiaoGan,XG,Paddy,XGPaddy,NoStraw,Day30,NoStraw_Day30,113.85,30.94,XGCKD30P3,12
XYCKD30P1,XinYang,XY,Paddy,XYPaddy,NoStraw,Day30,NoStraw_Day30,114.08,32.2,XYCKD30P1,13
XYCKD30P2,XinYang,XY,Paddy,XYPaddy,NoStraw,Day30,NoStraw_Day30,114.08,32.2,XYCKD30P2,13
XYCKD30P3,XinYang,XY,Paddy,XYPaddy,NoStraw,Day30,NoStraw_Day30,114.07,32.2,XYCKD30P3,13
YYCKD30P1,YuanYang,YY,Paddy,YYPaddy,NoStraw,Day30,NoStraw_Day30,113.69,35.02,YYCKD30P1,15
YYCKD30P2,YuanYang,YY,Paddy,YYPaddy,NoStraw,Day30,NoStraw_Day30,113.69,35.02,YYCKD30P2,15
YYCKD30P3,YuanYang,YY,Paddy,YYPaddy,NoStraw,Day30,NoStraw_Day30,113.68,35.02,YYCKD30P3,15
HDCKD30P1,HanDan,HD,Paddy,HDPaddy,NoStraw,Day30,NoStraw_Day30,114.43,36.44,HDCKD30P1,16
HDCKD30P2,HanDan,HD,Paddy,HDPaddy,NoStraw,Day30,NoStraw_Day30,114.43,36.45,HDCKD30P2,16
HDCKD30P3,HanDan,HD,Paddy,HDPaddy,NoStraw,Day30,NoStraw_Day30,114.43,36.45,HDCKD30P3,16
QHDCKD30P1,QinHuangDao,QHD,Paddy,QHDPaddy,NoStraw,Day30,NoStraw_Day30,119.36,39.82,QHDCKD30P1,19
QHDCKD30P2,QinHuangDao,QHD,Paddy,QHDPaddy,NoStraw,Day30,NoStraw_Day30,119.37,39.82,QHDCKD30P2,19
QHDCKD30P3,QinHuangDao,QHD,Paddy,QHDPaddy,NoStraw,Day30,NoStraw_Day30,119.35,39.81,QHDCKD30P3,19
PJCKD30P1,PanJin,PJ,Paddy,PJPaddy,NoStraw,Day30,NoStraw_Day30,122.13,41.24,PJCKD30P1,20
PJCKD30P2,PanJin,PJ,Paddy,PJPaddy,NoStraw,Day30,NoStraw_Day30,122.13,41.24,PJCKD30P2,20
PJCKD30P3,PanJin,PJ,Paddy,PJPaddy,NoStraw,Day30,NoStraw_Day30,122.13,41.24,PJCKD30P3,20
SYSCKD30P1,ShengYang,SYS,Paddy,SYSPaddy,NoStraw,Day30,NoStraw_Day30,123.36,42.02,SYSCKD30P1,21
SYSCKD30P2,ShengYang,SYS,Paddy,SYSPaddy,NoStraw,Day30,NoStraw_Day30,123.36,42.01,SYSCKD30P2,21
SYSCKD30P3,ShengYang,SYS,Paddy,SYSPaddy,NoStraw,Day30,NoStraw_Day30,123.36,42.01,SYSCKD30P3,21
SPCKD30P1,SiPing,SP,Paddy,SPPaddy,NoStraw,Day30,NoStraw_Day30,124.37,43.25,SPCKD30P1,22
SPCKD30P2,SiPing,SP,Paddy,SPPaddy,NoStraw,Day30,NoStraw_Day30,124.37,43.26,SPCKD30P2,22
SPCKD30P3,SiPing,SP,Paddy,SPPaddy,NoStraw,Day30,NoStraw_Day30,124.37,43.26,SPCKD30P3,22
DHCKD30P1,DeHui,DH,Paddy,DHPaddy,NoStraw,Day30,NoStraw_Day30,125.72,44.56,DHCKD30P1,23
DHCKD30P2,DeHui,DH,Paddy,DHPaddy,NoStraw,Day30,NoStraw_Day30,125.76,44.55,DHCKD30P2,23
DHCKD30P3,DeHui,DH,Paddy,DHPaddy,NoStraw,Day30,NoStraw_Day30,125.77,44.55,DHCKD30P3,23
HEBCKD30P1,HaErBin,HEB,Paddy,HEBPaddy,NoStraw,Day30,NoStraw_Day30,126.8,45.83,HEBCKD30P1,24
HEBCKD30P2,HaErBin,HEB,Paddy,HEBPaddy,NoStraw,Day30,NoStraw_Day30,125.8,45.83,HEBCKD30P2,24
HEBCKD30P3,HaErBin,HEB,Paddy,HEBPaddy,NoStraw,Day30,NoStraw_Day30,126.8,45.82,HEBCKD30P3,24
HLCKD30P1,HaiLun,HL,Paddy,HLPaddy,NoStraw,Day30,NoStraw_Day30,127.01,47.46,HLCKD30P1,25
HLCKD30P2,HaiLun,HL,Paddy,HLPaddy,NoStraw,Day30,NoStraw_Day30,127.01,47.46,HLCKD30P2,25
HLCKD30P3,HaiLun,HL,Paddy,HLPaddy,NoStraw,Day30,NoStraw_Day30,127.01,47.46,HLCKD30P3,25
NJCKD30P1,NenJiang,NJ,Paddy,NJPaddy,NoStraw,Day30,NoStraw_Day30,125.17,49.14,NJCKD30P1,26
NJCKD30P2,NenJiang,NJ,Paddy,NJPaddy,NoStraw,Day30,NoStraw_Day30,125.18,49.14,NJCKD30P2,26
NJCKD30P3,NenJiang,NJ,Paddy,NJPaddy,NoStraw,Day30,NoStraw_Day30,125.18,49.14,NJCKD30P3,26
HMCKD30P1,HuMa,HM,Paddy,HMPaddy,NoStraw,Day30,NoStraw_Day30,126.63,51.74,HMCKD30P1,27
HMCKD30P2,HuMa,HM,Paddy,HMPaddy,NoStraw,Day30,NoStraw_Day30,126.63,51.74,HMCKD30P2,27
HMCKD30P3,HuMa,HM,Paddy,HMPaddy,NoStraw,Day30,NoStraw_Day30,126.62,51.74,HMCKD30P3,27
SYCKD60U1,SanYa,SY,Upland,SYUpland,NoStraw,Day60,NoStraw_Day60,109.65,18.34,SYCKD60U1,1
SYCKD60U2,SanYa,SY,Upland,SYUpland,NoStraw,Day60,NoStraw_Day60,109.65,18.34,SYCKD60U2,1
SYCKD60U3,SanYa,SY,Upland,SYUpland,NoStraw,Day60,NoStraw_Day60,109.64,18.34,SYCKD60U3,1
HKCKD60U1,HaiKou,HK,Upland,HKUpland,NoStraw,Day60,NoStraw_Day60,110.2,19.76,HKCKD60U1,2
HKCKD60U2,HaiKou,HK,Upland,HKUpland,NoStraw,Day60,NoStraw_Day60,110.2,19.76,HKCKD60U2,2
HKCKD60U3,HaiKou,HK,Upland,HKUpland,NoStraw,Day60,NoStraw_Day60,110.2,19.76,HKCKD60U3,2
SXCKD60U1,SuiXi,SX,Upland,SXUpland,NoStraw,Day60,NoStraw_Day60,110.26,21.4,SXCKD60U1,3
SXCKD60U2,SuiXi,SX,Upland,SXUpland,NoStraw,Day60,NoStraw_Day60,110.25,21.4,SXCKD60U2,3
SXCKD60U3,SuiXi,SX,Upland,SXUpland,NoStraw,Day60,NoStraw_Day60,110.25,21.43,SXCKD60U3,3
YLCKD60U1,YuLin,YL,Upland,YLUpland,NoStraw,Day60,NoStraw_Day60,110.1,22.57,YLCKD60U1,4
YLCKD60U2,YuLin,YL,Upland,YLUpland,NoStraw,Day60,NoStraw_Day60,110.09,22.57,YLCKD60U2,4
YLCKD60U3,YuLin,YL,Upland,YLUpland,NoStraw,Day60,NoStraw_Day60,110.09,22.56,YLCKD60U3,4
WZCKD60U1,WuZhou,WZ,Upland,WZUpland,NoStraw,Day60,NoStraw_Day60,111.34,23.55,WZCKD60U1,5
WZCKD60U2,WuZhou,WZ,Upland,WZUpland,NoStraw,Day60,NoStraw_Day60,111.35,23.55,WZCKD60U2,5
WZCKD60U3,WuZhou,WZ,Upland,WZUpland,NoStraw,Day60,NoStraw_Day60,111.35,23.56,WZCKD60U3,5
JHCKD60U1,JiangHua,JH,Upland,JHUpland,NoStraw,Day60,NoStraw_Day60,111.58,25.21,JHCKD60U1,6
JHCKD60U2,JiangHua,JH,Upland,JHUpland,NoStraw,Day60,NoStraw_Day60,111.57,25.21,JHCKD60U2,6
JHCKD60U3,JiangHua,JH,Upland,JHUpland,NoStraw,Day60,NoStraw_Day60,111.57,25.21,JHCKD60U3,6
QYCKD60U1,QiYang,QY,Upland,QYUpland,NoStraw,Day60,NoStraw_Day60,111.87,26.76,QYCKD60U1,7
QYCKD60U2,QiYang,QY,Upland,QYUpland,NoStraw,Day60,NoStraw_Day60,111.87,26.76,QYCKD60U2,7
QYCKD60U3,QiYang,QY,Upland,QYUpland,NoStraw,Day60,NoStraw_Day60,111.87,26.77,QYCKD60U3,7
LDCKD60U1,LouDi,LD,Upland,LDUpland,NoStraw,Day60,NoStraw_Day60,112.01,27.64,LDCKD60U1,8
LDCKD60U2,LouDi,LD,Upland,LDUpland,NoStraw,Day60,NoStraw_Day60,112.01,27.64,LDCKD60U2,8
LDCKD60U3,LouDi,LD,Upland,LDUpland,NoStraw,Day60,NoStraw_Day60,112.03,27.62,LDCKD60U3,8
YiYangCKD60U1,YiYang,YiYang,Upland,YiYangUpland,NoStraw,Day60,NoStraw_Day60,112.44,28.58,YiYangCKD60U1,9
YiYangCKD60U2,YiYang,YiYang,Upland,YiYangUpland,NoStraw,Day60,NoStraw_Day60,112.44,28.58,YiYangCKD60U2,9
YiYangCKD60U3,YiYang,YiYang,Upland,YiYangUpland,NoStraw,Day60,NoStraw_Day60,112.44,28.58,YiYangCKD60U3,9
HRCKD60U1,HuaRong,HR,Upland,HRUpland,NoStraw,Day60,NoStraw_Day60,112.66,29.51,HRCKD60U1,10
HRCKD60U2,HuaRong,HR,Upland,HRUpland,NoStraw,Day60,NoStraw_Day60,112.66,29.51,HRCKD60U2,10
HRCKD60U3,HuaRong,HR,Upland,HRUpland,NoStraw,Day60,NoStraw_Day60,112.66,29.51,HRCKD60U3,10
QJCKD60U1,QianJiang,QJ,Upland,QJUpland,NoStraw,Day60,NoStraw_Day60,112.9,30.46,QJCKD60U1,11
QJCKD60U2,QianJiang,QJ,Upland,QJUpland,NoStraw,Day60,NoStraw_Day60,112.9,30.46,QJCKD60U2,11
QJCKD60U3,QianJiang,QJ,Upland,QJUpland,NoStraw,Day60,NoStraw_Day60,112.9,30.46,QJCKD60U3,11
XGCKD60U1,XiaoGan,XG,Upland,XGUpland,NoStraw,Day60,NoStraw_Day60,113.85,30.94,XGCKD60U1,12
XGCKD60U2,XiaoGan,XG,Upland,XGUpland,NoStraw,Day60,NoStraw_Day60,113.85,30.94,XGCKD60U2,12
XGCKD60U3,XiaoGan,XG,Upland,XGUpland,NoStraw,Day60,NoStraw_Day60,113.85,30.94,XGCKD60U3,12
XYCKD60U1,XinYang,XY,Upland,XYUpland,NoStraw,Day60,NoStraw_Day60,114.08,32.2,XYCKD60U1,13
XYCKD60U2,XinYang,XY,Upland,XYUpland,NoStraw,Day60,NoStraw_Day60,114.08,32.2,XYCKD60U2,13
XYCKD60U3,XinYang,XY,Upland,XYUpland,NoStraw,Day60,NoStraw_Day60,114.08,32.2,XYCKD60U3,13
LHCKD60U1,LuoHe,LH,Upland,LHUpland,NoStraw,Day60,NoStraw_Day60,113.96,33.52,LHCKD60U1,14
LHCKD60U2,LuoHe,LH,Upland,LHUpland,NoStraw,Day60,NoStraw_Day60,113.96,33.52,LHCKD60U2,14
LHCKD60U3,LuoHe,LH,Upland,LHUpland,NoStraw,Day60,NoStraw_Day60,113.47,33.52,LHCKD60U3,14
YYCKD60U1,YuanYang,YY,Upland,YYUpland,NoStraw,Day60,NoStraw_Day60,113.69,35.01,YYCKD60U1,15
YYCKD60U2,YuanYang,YY,Upland,YYUpland,NoStraw,Day60,NoStraw_Day60,113.69,35,YYCKD60U2,15
YYCKD60U3,YuanYang,YY,Upland,YYUpland,NoStraw,Day60,NoStraw_Day60,113.68,35.02,YYCKD60U3,15
HDCKD60U1,HanDan,HD,Upland,HDUpland,NoStraw,Day60,NoStraw_Day60,114.44,36.43,HDCKD60U1,16
HDCKD60U2,HanDan,HD,Upland,HDUpland,NoStraw,Day60,NoStraw_Day60,114.44,36.44,HDCKD60U2,16
HDCKD60U3,HanDan,HD,Upland,HDUpland,NoStraw,Day60,NoStraw_Day60,114.44,36.44,HDCKD60U3,16
XJCKD60U1,XinJi,XJ,Upland,XJUpland,NoStraw,Day60,NoStraw_Day60,115.22,37.88,XJCKD60U1,17
XJCKD60U2,XinJi,XJ,Upland,XJUpland,NoStraw,Day60,NoStraw_Day60,115.22,37.88,XJCKD60U2,17
XJCKD60U3,XinJi,XJ,Upland,XJUpland,NoStraw,Day60,NoStraw_Day60,115.22,37.88,XJCKD60U3,17
BZCKD60U1,BaZhou,BZ,Upland,BZUpland,NoStraw,Day60,NoStraw_Day60,116.32,39.15,BZCKD60U1,18
BZCKD60U2,BaZhou,BZ,Upland,BZUpland,NoStraw,Day60,NoStraw_Day60,116.31,39.15,BZCKD60U2,18
BZCKD60U3,BaZhou,BZ,Upland,BZUpland,NoStraw,Day60,NoStraw_Day60,116.32,39.14,BZCKD60U3,18
QHDCKD60U1,QinHuangDao,QHD,Upland,QHDUpland,NoStraw,Day60,NoStraw_Day60,119.36,39.82,QHDCKD60U1,19
QHDCKD60U2,QinHuangDao,QHD,Upland,QHDUpland,NoStraw,Day60,NoStraw_Day60,119.36,39.83,QHDCKD60U2,19
QHDCKD60U3,QinHuangDao,QHD,Upland,QHDUpland,NoStraw,Day60,NoStraw_Day60,119.35,39.81,QHDCKD60U3,19
PJCKD60U1,PanJin,PJ,Upland,PJUpland,NoStraw,Day60,NoStraw_Day60,122.13,41.24,PJCKD60U1,20
PJCKD60U2,PanJin,PJ,Upland,PJUpland,NoStraw,Day60,NoStraw_Day60,122.13,41.24,PJCKD60U2,20
PJCKD60U3,PanJin,PJ,Upland,PJUpland,NoStraw,Day60,NoStraw_Day60,122.12,41.24,PJCKD60U3,20
SYSCKD60U1,ShengYang,SYS,Upland,SYSUpland,NoStraw,Day60,NoStraw_Day60,123.36,42,SYSCKD60U1,21
SYSCKD60U2,ShengYang,SYS,Upland,SYSUpland,NoStraw,Day60,NoStraw_Day60,123.36,42,SYSCKD60U2,21
SYSCKD60U3,ShengYang,SYS,Upland,SYSUpland,NoStraw,Day60,NoStraw_Day60,123.36,42,SYSCKD60U3,21
SPCKD60U1,SiPing,SP,Upland,SPUpland,NoStraw,Day60,NoStraw_Day60,124.37,43.26,SPCKD60U1,22
SPCKD60U2,SiPing,SP,Upland,SPUpland,NoStraw,Day60,NoStraw_Day60,124.37,43.26,SPCKD60U2,22
SPCKD60U3,SiPing,SP,Upland,SPUpland,NoStraw,Day60,NoStraw_Day60,124.38,43.25,SPCKD60U3,22
DHCKD60U1,DeHui,DH,Upland,DHUpland,NoStraw,Day60,NoStraw_Day60,125.76,44.55,DHCKD60U1,23
DHCKD60U2,DeHui,DH,Upland,DHUpland,NoStraw,Day60,NoStraw_Day60,125.77,44.55,DHCKD60U2,23
DHCKD60U3,DeHui,DH,Upland,DHUpland,NoStraw,Day60,NoStraw_Day60,125.77,44.55,DHCKD60U3,23
HEBCKD60U1,HaErBin,HEB,Upland,HEBUpland,NoStraw,Day60,NoStraw_Day60,126.8,45.83,HEBCKD60U1,24
HEBCKD60U2,HaErBin,HEB,Upland,HEBUpland,NoStraw,Day60,NoStraw_Day60,126.8,45.83,HEBCKD60U2,24
HEBCKD60U3,HaErBin,HEB,Upland,HEBUpland,NoStraw,Day60,NoStraw_Day60,126.8,45.83,HEBCKD60U3,24
HLCKD60U1,HaiLun,HL,Upland,HLUpland,NoStraw,Day60,NoStraw_Day60,127.01,47.46,HLCKD60U1,25
HLCKD60U2,HaiLun,HL,Upland,HLUpland,NoStraw,Day60,NoStraw_Day60,127.01,47.46,HLCKD60U2,25
HLCKD60U3,HaiLun,HL,Upland,HLUpland,NoStraw,Day60,NoStraw_Day60,127.01,47.46,HLCKD60U3,25
NJCKD60U1,NenJiang,NJ,Upland,NJUpland,NoStraw,Day60,NoStraw_Day60,125.18,49.13,NJCKD60U1,26
NJCKD60U2,NenJiang,NJ,Upland,NJUpland,NoStraw,Day60,NoStraw_Day60,125.18,49.14,NJCKD60U2,26
NJCKD60U3,NenJiang,NJ,Upland,NJUpland,NoStraw,Day60,NoStraw_Day60,125.17,49.14,NJCKD60U3,26
HMCKD60U1,HuMa,HM,Upland,HMUpland,NoStraw,Day60,NoStraw_Day60,126.62,51.72,HMCKD60U1,27
HMCKD60U2,HuMa,HM,Upland,HMUpland,NoStraw,Day60,NoStraw_Day60,126.62,51.72,HMCKD60U2,27
HMCKD60U3,HuMa,HM,Upland,HMUpland,NoStraw,Day60,NoStraw_Day60,126.62,57.72,HMCKD60U3,27
MHCKD60U1,MoHe,MH,Upland,MHUpland,NoStraw,Day60,NoStraw_Day60,122.35,53.49,MHCKD60U1,28
MHCKD60U2,MoHe,MH,Upland,MHUpland,NoStraw,Day60,NoStraw_Day60,122.35,53.49,MHCKD60U2,28
MHCKD60U3,MoHe,MH,Upland,MHUpland,NoStraw,Day60,NoStraw_Day60,122.34,53.49,MHCKD60U3,28
SYCKD60P1,SanYa,SY,Paddy,SYPaddy,NoStraw,Day60,NoStraw_Day60,109.65,18.34,SYCKD60P1,1
SYCKD60P2,SanYa,SY,Paddy,SYPaddy,NoStraw,Day60,NoStraw_Day60,109.65,18.34,SYCKD60P2,1
SYCKD60P3,SanYa,SY,Paddy,SYPaddy,NoStraw,Day60,NoStraw_Day60,109.65,18.34,SYCKD60P3,1
HKCKD60P1,HaiKou,HK,Paddy,HKPaddy,NoStraw,Day60,NoStraw_Day60,110.25,19.81,HKCKD60P1,2
HKCKD60P2,HaiKou,HK,Paddy,HKPaddy,NoStraw,Day60,NoStraw_Day60,110.25,19.8,HKCKD60P2,2
HKCKD60P3,HaiKou,HK,Paddy,HKPaddy,NoStraw,Day60,NoStraw_Day60,110.26,19.82,HKCKD60P3,2
SXCKD60P1,SuiXi,SX,Paddy,SXPaddy,NoStraw,Day60,NoStraw_Day60,110.26,21.4,SXCKD60P1,3
SXCKD60P2,SuiXi,SX,Paddy,SXPaddy,NoStraw,Day60,NoStraw_Day60,110.26,21.4,SXCKD60P2,3
SXCKD60P3,SuiXi,SX,Paddy,SXPaddy,NoStraw,Day60,NoStraw_Day60,110.25,21.43,SXCKD60P3,3
YLCKD60P1,YuLin,YL,Paddy,YLPaddy,NoStraw,Day60,NoStraw_Day60,110.09,22.57,YLCKD60P1,4
YLCKD60P2,YuLin,YL,Paddy,YLPaddy,NoStraw,Day60,NoStraw_Day60,110.09,22.57,YLCKD60P2,4
YLCKD60P3,YuLin,YL,Paddy,YLPaddy,NoStraw,Day60,NoStraw_Day60,110.09,22.56,YLCKD60P3,4
WZCKD60P1,WuZhou,WZ,Paddy,WZPaddy,NoStraw,Day60,NoStraw_Day60,111.35,23.55,WZCKD60P1,5
WZCKD60P2,WuZhou,WZ,Paddy,WZPaddy,NoStraw,Day60,NoStraw_Day60,111.35,23.55,WZCKD60P2,5
WZCKD60P3,WuZhou,WZ,Paddy,WZPaddy,NoStraw,Day60,NoStraw_Day60,111.35,23.55,WZCKD60P3,5
JHCKD60P1,JiangHua,JH,Paddy,JHPaddy,NoStraw,Day60,NoStraw_Day60,111.58,25.21,JHCKD60P1,6
JHCKD60P2,JiangHua,JH,Paddy,JHPaddy,NoStraw,Day60,NoStraw_Day60,111.57,25.21,JHCKD60P2,6
JHCKD60P3,JiangHua,JH,Paddy,JHPaddy,NoStraw,Day60,NoStraw_Day60,111.57,25.21,JHCKD60P3,6
QYCKD60P1,QiYang,QY,Paddy,QYPaddy,NoStraw,Day60,NoStraw_Day60,111.87,26.76,QYCKD60P1,7
QYCKD60P2,QiYang,QY,Paddy,QYPaddy,NoStraw,Day60,NoStraw_Day60,111.87,26.76,QYCKD60P2,7
QYCKD60P3,QiYang,QY,Paddy,QYPaddy,NoStraw,Day60,NoStraw_Day60,111.87,26.76,QYCKD60P3,7
LDCKD60P1,LouDi,LD,Paddy,LDPaddy,NoStraw,Day60,NoStraw_Day60,112.01,27.63,LDCKD60P1,8
LDCKD60P2,LouDi,LD,Paddy,LDPaddy,NoStraw,Day60,NoStraw_Day60,112.01,27.63,LDCKD60P2,8
LDCKD60P3,LouDi,LD,Paddy,LDPaddy,NoStraw,Day60,NoStraw_Day60,112.03,27.62,LDCKD60P3,8
YiYangCKD60P1,YiYang,YiYang,Paddy,YiYangPaddy,NoStraw,Day60,NoStraw_Day60,112.41,28.6,YiYangCKD60P1,9
YiYangCKD60P2,YiYang,YiYang,Paddy,YiYangPaddy,NoStraw,Day60,NoStraw_Day60,112.41,28.44,YiYangCKD60P2,9
YiYangCKD60P3,YiYang,YiYang,Paddy,YiYangPaddy,NoStraw,Day60,NoStraw_Day60,112.4,28.6,YiYangCKD60P3,9
HRCKD60P1,HuaRong,HR,Paddy,HRPaddy,NoStraw,Day60,NoStraw_Day60,112.66,29.51,HRCKD60P1,10
HRCKD60P2,HuaRong,HR,Paddy,HRPaddy,NoStraw,Day60,NoStraw_Day60,112.66,29.51,HRCKD60P2,10
HRCKD60P3,HuaRong,HR,Paddy,HRPaddy,NoStraw,Day60,NoStraw_Day60,112.66,29.51,HRCKD60P3,10
QJCKD60P1,QianJiang,QJ,Paddy,QJPaddy,NoStraw,Day60,NoStraw_Day60,112.9,30.43,QJCKD60P1,11
QJCKD60P2,QianJiang,QJ,Paddy,QJPaddy,NoStraw,Day60,NoStraw_Day60,112.93,30.39,QJCKD60P2,11
QJCKD60P3,QianJiang,QJ,Paddy,QJPaddy,NoStraw,Day60,NoStraw_Day60,112.92,30.4,QJCKD60P3,11
XGCKD60P1,XiaoGan,XG,Paddy,XGPaddy,NoStraw,Day60,NoStraw_Day60,113.85,30.94,XGCKD60P1,12
XGCKD60P2,XiaoGan,XG,Paddy,XGPaddy,NoStraw,Day60,NoStraw_Day60,113.85,30.94,XGCKD60P2,12
XGCKD60P3,XiaoGan,XG,Paddy,XGPaddy,NoStraw,Day60,NoStraw_Day60,113.85,30.94,XGCKD60P3,12
XYCKD60P1,XinYang,XY,Paddy,XYPaddy,NoStraw,Day60,NoStraw_Day60,114.08,32.2,XYCKD60P1,13
XYCKD60P2,XinYang,XY,Paddy,XYPaddy,NoStraw,Day60,NoStraw_Day60,114.08,32.2,XYCKD60P2,13
XYCKD60P3,XinYang,XY,Paddy,XYPaddy,NoStraw,Day60,NoStraw_Day60,114.07,32.2,XYCKD60P3,13
YYCKD60P1,YuanYang,YY,Paddy,YYPaddy,NoStraw,Day60,NoStraw_Day60,113.69,35.02,YYCKD60P1,15
YYCKD60P2,YuanYang,YY,Paddy,YYPaddy,NoStraw,Day60,NoStraw_Day60,113.69,35.02,YYCKD60P2,15
YYCKD60P3,YuanYang,YY,Paddy,YYPaddy,NoStraw,Day60,NoStraw_Day60,113.68,35.02,YYCKD60P3,15
HDCKD60P1,HanDan,HD,Paddy,HDPaddy,NoStraw,Day60,NoStraw_Day60,114.43,36.44,HDCKD60P1,16
HDCKD60P2,HanDan,HD,Paddy,HDPaddy,NoStraw,Day60,NoStraw_Day60,114.43,36.45,HDCKD60P2,16
HDCKD60P3,HanDan,HD,Paddy,HDPaddy,NoStraw,Day60,NoStraw_Day60,114.43,36.45,HDCKD60P3,16
QHDCKD60P1,QinHuangDao,QHD,Paddy,QHDPaddy,NoStraw,Day60,NoStraw_Day60,119.36,39.82,QHDCKD60P1,19
QHDCKD60P2,QinHuangDao,QHD,Paddy,QHDPaddy,NoStraw,Day60,NoStraw_Day60,119.37,39.82,QHDCKD60P2,19
QHDCKD60P3,QinHuangDao,QHD,Paddy,QHDPaddy,NoStraw,Day60,NoStraw_Day60,119.35,39.81,QHDCKD60P3,19
PJCKD60P1,PanJin,PJ,Paddy,PJPaddy,NoStraw,Day60,NoStraw_Day60,122.13,41.24,PJCKD60P1,20
PJCKD60P2,PanJin,PJ,Paddy,PJPaddy,NoStraw,Day60,NoStraw_Day60,122.13,41.24,PJCKD60P2,20
PJCKD60P3,PanJin,PJ,Paddy,PJPaddy,NoStraw,Day60,NoStraw_Day60,122.13,41.24,PJCKD60P3,20
SYSCKD60P1,ShengYang,SYS,Paddy,SYSPaddy,NoStraw,Day60,NoStraw_Day60,123.36,42.02,SYSCKD60P1,21
SYSCKD60P2,ShengYang,SYS,Paddy,SYSPaddy,NoStraw,Day60,NoStraw_Day60,123.36,42.01,SYSCKD60P2,21
SYSCKD60P3,ShengYang,SYS,Paddy,SYSPaddy,NoStraw,Day60,NoStraw_Day60,123.36,42.01,SYSCKD60P3,21
SPCKD60P1,SiPing,SP,Paddy,SPPaddy,NoStraw,Day60,NoStraw_Day60,124.37,43.25,SPCKD60P1,22
SPCKD60P2,SiPing,SP,Paddy,SPPaddy,NoStraw,Day60,NoStraw_Day60,124.37,43.26,SPCKD60P2,22
SPCKD60P3,SiPing,SP,Paddy,SPPaddy,NoStraw,Day60,NoStraw_Day60,124.37,43.26,SPCKD60P3,22
DHCKD60P1,DeHui,DH,Paddy,DHPaddy,NoStraw,Day60,NoStraw_Day60,125.72,44.56,DHCKD60P1,23
DHCKD60P2,DeHui,DH,Paddy,DHPaddy,NoStraw,Day60,NoStraw_Day60,125.76,44.55,DHCKD60P2,23
DHCKD60P3,DeHui,DH,Paddy,DHPaddy,NoStraw,Day60,NoStraw_Day60,125.77,44.55,DHCKD60P3,23
HEBCKD60P1,HaErBin,HEB,Paddy,HEBPaddy,NoStraw,Day60,NoStraw_Day60,126.8,45.83,HEBCKD60P1,24
HEBCKD60P2,HaErBin,HEB,Paddy,HEBPaddy,NoStraw,Day60,NoStraw_Day60,125.8,45.83,HEBCKD60P2,24
HEBCKD60P3,HaErBin,HEB,Paddy,HEBPaddy,NoStraw,Day60,NoStraw_Day60,126.8,45.82,HEBCKD60P3,24
HLCKD60P1,HaiLun,HL,Paddy,HLPaddy,NoStraw,Day60,NoStraw_Day60,127.01,47.46,HLCKD60P1,25
HLCKD60P2,HaiLun,HL,Paddy,HLPaddy,NoStraw,Day60,NoStraw_Day60,127.01,47.46,HLCKD60P2,25
HLCKD60P3,HaiLun,HL,Paddy,HLPaddy,NoStraw,Day60,NoStraw_Day60,127.01,47.46,HLCKD60P3,25
NJCKD60P1,NenJiang,NJ,Paddy,NJPaddy,NoStraw,Day60,NoStraw_Day60,125.17,49.14,NJCKD60P1,26
NJCKD60P2,NenJiang,NJ,Paddy,NJPaddy,NoStraw,Day60,NoStraw_Day60,125.18,49.14,NJCKD60P2,26
NJCKD60P3,NenJiang,NJ,Paddy,NJPaddy,NoStraw,Day60,NoStraw_Day60,125.18,49.14,NJCKD60P3,26
HMCKD60P1,HuMa,HM,Paddy,HMPaddy,NoStraw,Day60,NoStraw_Day60,126.63,51.74,HMCKD60P1,27
HMCKD60P2,HuMa,HM,Paddy,HMPaddy,NoStraw,Day60,NoStraw_Day60,126.63,51.74,HMCKD60P2,27
HMCKD60P3,HuMa,HM,Paddy,HMPaddy,NoStraw,Day60,NoStraw_Day60,126.62,51.74,HMCKD60P3,27
SYSD7U1,SanYa,SY,Upland,SYUpland,Straw,Day7,Straw_Day7,109.65,18.34,SYSD7U1,1
SYSD7U2,SanYa,SY,Upland,SYUpland,Straw,Day7,Straw_Day7,109.65,18.34,SYSD7U2,1
SYSD7U3,SanYa,SY,Upland,SYUpland,Straw,Day7,Straw_Day7,109.64,18.34,SYSD7U3,1
HKSD7U1,HaiKou,HK,Upland,HKUpland,Straw,Day7,Straw_Day7,110.2,19.76,HKSD7U1,2
HKSD7U2,HaiKou,HK,Upland,HKUpland,Straw,Day7,Straw_Day7,110.2,19.76,HKSD7U2,2
HKSD7U3,HaiKou,HK,Upland,HKUpland,Straw,Day7,Straw_Day7,110.2,19.76,HKSD7U3,2
SXSD7U1,SuiXi,SX,Upland,SXUpland,Straw,Day7,Straw_Day7,110.26,21.4,SXSD7U1,3
SXSD7U2,SuiXi,SX,Upland,SXUpland,Straw,Day7,Straw_Day7,110.25,21.4,SXSD7U2,3
SXSD7U3,SuiXi,SX,Upland,SXUpland,Straw,Day7,Straw_Day7,110.25,21.43,SXSD7U3,3
YLSD7U1,YuLin,YL,Upland,YLUpland,Straw,Day7,Straw_Day7,110.1,22.57,YLSD7U1,4
YLSD7U2,YuLin,YL,Upland,YLUpland,Straw,Day7,Straw_Day7,110.09,22.57,YLSD7U2,4
YLSD7U3,YuLin,YL,Upland,YLUpland,Straw,Day7,Straw_Day7,110.09,22.56,YLSD7U3,4
WZSD7U1,WuZhou,WZ,Upland,WZUpland,Straw,Day7,Straw_Day7,111.34,23.55,WZSD7U1,5
WZSD7U2,WuZhou,WZ,Upland,WZUpland,Straw,Day7,Straw_Day7,111.35,23.55,WZSD7U2,5
WZSD7U3,WuZhou,WZ,Upland,WZUpland,Straw,Day7,Straw_Day7,111.35,23.56,WZSD7U3,5
JHSD7U1,JiangHua,JH,Upland,JHUpland,Straw,Day7,Straw_Day7,111.58,25.21,JHSD7U1,6
JHSD7U2,JiangHua,JH,Upland,JHUpland,Straw,Day7,Straw_Day7,111.57,25.21,JHSD7U2,6
JHSD7U3,JiangHua,JH,Upland,JHUpland,Straw,Day7,Straw_Day7,111.57,25.21,JHSD7U3,6
QYSD7U1,QiYang,QY,Upland,QYUpland,Straw,Day7,Straw_Day7,111.87,26.76,QYSD7U1,7
QYSD7U2,QiYang,QY,Upland,QYUpland,Straw,Day7,Straw_Day7,111.87,26.76,QYSD7U2,7
QYSD7U3,QiYang,QY,Upland,QYUpland,Straw,Day7,Straw_Day7,111.87,26.77,QYSD7U3,7
LDSD7U1,LouDi,LD,Upland,LDUpland,Straw,Day7,Straw_Day7,112.01,27.64,LDSD7U1,8
LDSD7U2,LouDi,LD,Upland,LDUpland,Straw,Day7,Straw_Day7,112.01,27.64,LDSD7U2,8
LDSD7U3,LouDi,LD,Upland,LDUpland,Straw,Day7,Straw_Day7,112.03,27.62,LDSD7U3,8
YiYangSD7U1,YiYang,YiYang,Upland,YiYangUpland,Straw,Day7,Straw_Day7,112.44,28.58,YiYangSD7U1,9
YiYangSD7U2,YiYang,YiYang,Upland,YiYangUpland,Straw,Day7,Straw_Day7,112.44,28.58,YiYangSD7U2,9
YiYangSD7U3,YiYang,YiYang,Upland,YiYangUpland,Straw,Day7,Straw_Day7,112.44,28.58,YiYangSD7U3,9
HRSD7U1,HuaRong,HR,Upland,HRUpland,Straw,Day7,Straw_Day7,112.66,29.51,HRSD7U1,10
HRSD7U2,HuaRong,HR,Upland,HRUpland,Straw,Day7,Straw_Day7,112.66,29.51,HRSD7U2,10
HRSD7U3,HuaRong,HR,Upland,HRUpland,Straw,Day7,Straw_Day7,112.66,29.51,HRSD7U3,10
QJSD7U1,QianJiang,QJ,Upland,QJUpland,Straw,Day7,Straw_Day7,112.9,30.46,QJSD7U1,11
QJSD7U2,QianJiang,QJ,Upland,QJUpland,Straw,Day7,Straw_Day7,112.9,30.46,QJSD7U2,11
QJSD7U3,QianJiang,QJ,Upland,QJUpland,Straw,Day7,Straw_Day7,112.9,30.46,QJSD7U3,11
XGSD7U1,XiaoGan,XG,Upland,XGUpland,Straw,Day7,Straw_Day7,113.85,30.94,XGSD7U1,12
XGSD7U2,XiaoGan,XG,Upland,XGUpland,Straw,Day7,Straw_Day7,113.85,30.94,XGSD7U2,12
XGSD7U3,XiaoGan,XG,Upland,XGUpland,Straw,Day7,Straw_Day7,113.85,30.94,XGSD7U3,12
XYSD7U1,XinYang,XY,Upland,XYUpland,Straw,Day7,Straw_Day7,114.08,32.2,XYSD7U1,13
XYSD7U2,XinYang,XY,Upland,XYUpland,Straw,Day7,Straw_Day7,114.08,32.2,XYSD7U2,13
XYSD7U3,XinYang,XY,Upland,XYUpland,Straw,Day7,Straw_Day7,114.08,32.2,XYSD7U3,13
LHSD7U1,LuoHe,LH,Upland,LHUpland,Straw,Day7,Straw_Day7,113.96,33.52,LHSD7U1,14
LHSD7U2,LuoHe,LH,Upland,LHUpland,Straw,Day7,Straw_Day7,113.96,33.52,LHSD7U2,14
LHSD7U3,LuoHe,LH,Upland,LHUpland,Straw,Day7,Straw_Day7,113.47,33.52,LHSD7U3,14
YYSD7U1,YuanYang,YY,Upland,YYUpland,Straw,Day7,Straw_Day7,113.69,35.01,YYSD7U1,15
YYSD7U2,YuanYang,YY,Upland,YYUpland,Straw,Day7,Straw_Day7,113.69,35,YYSD7U2,15
YYSD7U3,YuanYang,YY,Upland,YYUpland,Straw,Day7,Straw_Day7,113.68,35.02,YYSD7U3,15
HDSD7U1,HanDan,HD,Upland,HDUpland,Straw,Day7,Straw_Day7,114.44,36.43,HDSD7U1,16
HDSD7U2,HanDan,HD,Upland,HDUpland,Straw,Day7,Straw_Day7,114.44,36.44,HDSD7U2,16
HDSD7U3,HanDan,HD,Upland,HDUpland,Straw,Day7,Straw_Day7,114.44,36.44,HDSD7U3,16
XJSD7U1,XinJi,XJ,Upland,XJUpland,Straw,Day7,Straw_Day7,115.22,37.88,XJSD7U1,17
XJSD7U2,XinJi,XJ,Upland,XJUpland,Straw,Day7,Straw_Day7,115.22,37.88,XJSD7U2,17
XJSD7U3,XinJi,XJ,Upland,XJUpland,Straw,Day7,Straw_Day7,115.22,37.88,XJSD7U3,17
BZSD7U1,BaZhou,BZ,Upland,BZUpland,Straw,Day7,Straw_Day7,116.32,39.15,BZSD7U1,18
BZSD7U2,BaZhou,BZ,Upland,BZUpland,Straw,Day7,Straw_Day7,116.31,39.15,BZSD7U2,18
BZSD7U3,BaZhou,BZ,Upland,BZUpland,Straw,Day7,Straw_Day7,116.32,39.14,BZSD7U3,18
QHDSD7U1,QinHuangDao,QHD,Upland,QHDUpland,Straw,Day7,Straw_Day7,119.36,39.82,QHDSD7U1,19
QHDSD7U2,QinHuangDao,QHD,Upland,QHDUpland,Straw,Day7,Straw_Day7,119.36,39.83,QHDSD7U2,19
QHDSD7U3,QinHuangDao,QHD,Upland,QHDUpland,Straw,Day7,Straw_Day7,119.35,39.81,QHDSD7U3,19
PJSD7U1,PanJin,PJ,Upland,PJUpland,Straw,Day7,Straw_Day7,122.13,41.24,PJSD7U1,20
PJSD7U2,PanJin,PJ,Upland,PJUpland,Straw,Day7,Straw_Day7,122.13,41.24,PJSD7U2,20
PJSD7U3,PanJin,PJ,Upland,PJUpland,Straw,Day7,Straw_Day7,122.12,41.24,PJSD7U3,20
SYSSD7U1,ShengYang,SYS,Upland,SYSUpland,Straw,Day7,Straw_Day7,123.36,42,SYSSD7U1,21
SYSSD7U2,ShengYang,SYS,Upland,SYSUpland,Straw,Day7,Straw_Day7,123.36,42,SYSSD7U2,21
SYSSD7U3,ShengYang,SYS,Upland,SYSUpland,Straw,Day7,Straw_Day7,123.36,42,SYSSD7U3,21
SPSD7U1,SiPing,SP,Upland,SPUpland,Straw,Day7,Straw_Day7,124.37,43.26,SPSD7U1,22
SPSD7U2,SiPing,SP,Upland,SPUpland,Straw,Day7,Straw_Day7,124.37,43.26,SPSD7U2,22
SPSD7U3,SiPing,SP,Upland,SPUpland,Straw,Day7,Straw_Day7,124.38,43.25,SPSD7U3,22
DHSD7U1,DeHui,DH,Upland,DHUpland,Straw,Day7,Straw_Day7,125.76,44.55,DHSD7U1,23
DHSD7U2,DeHui,DH,Upland,DHUpland,Straw,Day7,Straw_Day7,125.77,44.55,DHSD7U2,23
DHSD7U3,DeHui,DH,Upland,DHUpland,Straw,Day7,Straw_Day7,125.77,44.55,DHSD7U3,23
HEBSD7U1,HaErBin,HEB,Upland,HEBUpland,Straw,Day7,Straw_Day7,126.8,45.83,HEBSD7U1,24
HEBSD7U2,HaErBin,HEB,Upland,HEBUpland,Straw,Day7,Straw_Day7,126.8,45.83,HEBSD7U2,24
HEBSD7U3,HaErBin,HEB,Upland,HEBUpland,Straw,Day7,Straw_Day7,126.8,45.83,HEBSD7U3,24
HLSD7U1,HaiLun,HL,Upland,HLUpland,Straw,Day7,Straw_Day7,127.01,47.46,HLSD7U1,25
HLSD7U2,HaiLun,HL,Upland,HLUpland,Straw,Day7,Straw_Day7,127.01,47.46,HLSD7U2,25
HLSD7U3,HaiLun,HL,Upland,HLUpland,Straw,Day7,Straw_Day7,127.01,47.46,HLSD7U3,25
NJSD7U1,NenJiang,NJ,Upland,NJUpland,Straw,Day7,Straw_Day7,125.18,49.13,NJSD7U1,26
NJSD7U2,NenJiang,NJ,Upland,NJUpland,Straw,Day7,Straw_Day7,125.18,49.14,NJSD7U2,26
NJSD7U3,NenJiang,NJ,Upland,NJUpland,Straw,Day7,Straw_Day7,125.17,49.14,NJSD7U3,26
HMSD7U1,HuMa,HM,Upland,HMUpland,Straw,Day7,Straw_Day7,126.62,51.72,HMSD7U1,27
HMSD7U2,HuMa,HM,Upland,HMUpland,Straw,Day7,Straw_Day7,126.62,51.72,HMSD7U2,27
HMSD7U3,HuMa,HM,Upland,HMUpland,Straw,Day7,Straw_Day7,126.62,57.72,HMSD7U3,27
MHSD7U1,MoHe,MH,Upland,MHUpland,Straw,Day7,Straw_Day7,122.35,53.49,MHSD7U1,28
MHSD7U2,MoHe,MH,Upland,MHUpland,Straw,Day7,Straw_Day7,122.35,53.49,MHSD7U2,28
MHSD7U3,MoHe,MH,Upland,MHUpland,Straw,Day7,Straw_Day7,122.34,53.49,MHSD7U3,28
SYSD7P1,SanYa,SY,Paddy,SYPaddy,Straw,Day7,Straw_Day7,109.65,18.34,SYSD7P1,1
SYSD7P2,SanYa,SY,Paddy,SYPaddy,Straw,Day7,Straw_Day7,109.65,18.34,SYSD7P2,1
SYSD7P3,SanYa,SY,Paddy,SYPaddy,Straw,Day7,Straw_Day7,109.65,18.34,SYSD7P3,1
HKSD7P1,HaiKou,HK,Paddy,HKPaddy,Straw,Day7,Straw_Day7,110.25,19.81,HKSD7P1,2
HKSD7P2,HaiKou,HK,Paddy,HKPaddy,Straw,Day7,Straw_Day7,110.25,19.8,HKSD7P2,2
HKSD7P3,HaiKou,HK,Paddy,HKPaddy,Straw,Day7,Straw_Day7,110.26,19.82,HKSD7P3,2
SXSD7P1,SuiXi,SX,Paddy,SXPaddy,Straw,Day7,Straw_Day7,110.26,21.4,SXSD7P1,3
SXSD7P2,SuiXi,SX,Paddy,SXPaddy,Straw,Day7,Straw_Day7,110.26,21.4,SXSD7P2,3
SXSD7P3,SuiXi,SX,Paddy,SXPaddy,Straw,Day7,Straw_Day7,110.25,21.43,SXSD7P3,3
YLSD7P1,YuLin,YL,Paddy,YLPaddy,Straw,Day7,Straw_Day7,110.09,22.57,YLSD7P1,4
YLSD7P2,YuLin,YL,Paddy,YLPaddy,Straw,Day7,Straw_Day7,110.09,22.57,YLSD7P2,4
YLSD7P3,YuLin,YL,Paddy,YLPaddy,Straw,Day7,Straw_Day7,110.09,22.56,YLSD7P3,4
WZSD7P1,WuZhou,WZ,Paddy,WZPaddy,Straw,Day7,Straw_Day7,111.35,23.55,WZSD7P1,5
WZSD7P2,WuZhou,WZ,Paddy,WZPaddy,Straw,Day7,Straw_Day7,111.35,23.55,WZSD7P2,5
WZSD7P3,WuZhou,WZ,Paddy,WZPaddy,Straw,Day7,Straw_Day7,111.35,23.55,WZSD7P3,5
JHSD7P1,JiangHua,JH,Paddy,JHPaddy,Straw,Day7,Straw_Day7,111.58,25.21,JHSD7P1,6
JHSD7P2,JiangHua,JH,Paddy,JHPaddy,Straw,Day7,Straw_Day7,111.57,25.21,JHSD7P2,6
JHSD7P3,JiangHua,JH,Paddy,JHPaddy,Straw,Day7,Straw_Day7,111.57,25.21,JHSD7P3,6
QYSD7P1,QiYang,QY,Paddy,QYPaddy,Straw,Day7,Straw_Day7,111.87,26.76,QYSD7P1,7
QYSD7P2,QiYang,QY,Paddy,QYPaddy,Straw,Day7,Straw_Day7,111.87,26.76,QYSD7P2,7
QYSD7P3,QiYang,QY,Paddy,QYPaddy,Straw,Day7,Straw_Day7,111.87,26.76,QYSD7P3,7
LDSD7P1,LouDi,LD,Paddy,LDPaddy,Straw,Day7,Straw_Day7,112.01,27.63,LDSD7P1,8
LDSD7P2,LouDi,LD,Paddy,LDPaddy,Straw,Day7,Straw_Day7,112.01,27.63,LDSD7P2,8
LDSD7P3,LouDi,LD,Paddy,LDPaddy,Straw,Day7,Straw_Day7,112.03,27.62,LDSD7P3,8
YiYangSD7P1,YiYang,YiYang,Paddy,YiYangPaddy,Straw,Day7,Straw_Day7,112.41,28.6,YiYangSD7P1,9
YiYangSD7P2,YiYang,YiYang,Paddy,YiYangPaddy,Straw,Day7,Straw_Day7,112.41,28.44,YiYangSD7P2,9
YiYangSD7P3,YiYang,YiYang,Paddy,YiYangPaddy,Straw,Day7,Straw_Day7,112.4,28.6,YiYangSD7P3,9
HRSD7P1,HuaRong,HR,Paddy,HRPaddy,Straw,Day7,Straw_Day7,112.66,29.51,HRSD7P1,10
HRSD7P2,HuaRong,HR,Paddy,HRPaddy,Straw,Day7,Straw_Day7,112.66,29.51,HRSD7P2,10
HRSD7P3,HuaRong,HR,Paddy,HRPaddy,Straw,Day7,Straw_Day7,112.66,29.51,HRSD7P3,10
QJSD7P1,QianJiang,QJ,Paddy,QJPaddy,Straw,Day7,Straw_Day7,112.9,30.43,QJSD7P1,11
QJSD7P2,QianJiang,QJ,Paddy,QJPaddy,Straw,Day7,Straw_Day7,112.93,30.39,QJSD7P2,11
QJSD7P3,QianJiang,QJ,Paddy,QJPaddy,Straw,Day7,Straw_Day7,112.92,30.4,QJSD7P3,11
XGSD7P1,XiaoGan,XG,Paddy,XGPaddy,Straw,Day7,Straw_Day7,113.85,30.94,XGSD7P1,12
XGSD7P2,XiaoGan,XG,Paddy,XGPaddy,Straw,Day7,Straw_Day7,113.85,30.94,XGSD7P2,12
XGSD7P3,XiaoGan,XG,Paddy,XGPaddy,Straw,Day7,Straw_Day7,113.85,30.94,XGSD7P3,12
XYSD7P1,XinYang,XY,Paddy,XYPaddy,Straw,Day7,Straw_Day7,114.08,32.2,XYSD7P1,13
XYSD7P2,XinYang,XY,Paddy,XYPaddy,Straw,Day7,Straw_Day7,114.08,32.2,XYSD7P2,13
XYSD7P3,XinYang,XY,Paddy,XYPaddy,Straw,Day7,Straw_Day7,114.07,32.2,XYSD7P3,13
YYSD7P1,YuanYang,YY,Paddy,YYPaddy,Straw,Day7,Straw_Day7,113.69,35.02,YYSD7P1,15
YYSD7P2,YuanYang,YY,Paddy,YYPaddy,Straw,Day7,Straw_Day7,113.69,35.02,YYSD7P2,15
YYSD7P3,YuanYang,YY,Paddy,YYPaddy,Straw,Day7,Straw_Day7,113.68,35.02,YYSD7P3,15
HDSD7P1,HanDan,HD,Paddy,HDPaddy,Straw,Day7,Straw_Day7,114.43,36.44,HDSD7P1,16
HDSD7P2,HanDan,HD,Paddy,HDPaddy,Straw,Day7,Straw_Day7,114.43,36.45,HDSD7P2,16
HDSD7P3,HanDan,HD,Paddy,HDPaddy,Straw,Day7,Straw_Day7,114.43,36.45,HDSD7P3,16
QHDSD7P1,QinHuangDao,QHD,Paddy,QHDPaddy,Straw,Day7,Straw_Day7,119.36,39.82,QHDSD7P1,19
QHDSD7P2,QinHuangDao,QHD,Paddy,QHDPaddy,Straw,Day7,Straw_Day7,119.37,39.82,QHDSD7P2,19
QHDSD7P3,QinHuangDao,QHD,Paddy,QHDPaddy,Straw,Day7,Straw_Day7,119.35,39.81,QHDSD7P3,19
PJSD7P1,PanJin,PJ,Paddy,PJPaddy,Straw,Day7,Straw_Day7,122.13,41.24,PJSD7P1,20
PJSD7P2,PanJin,PJ,Paddy,PJPaddy,Straw,Day7,Straw_Day7,122.13,41.24,PJSD7P2,20
PJSD7P3,PanJin,PJ,Paddy,PJPaddy,Straw,Day7,Straw_Day7,122.13,41.24,PJSD7P3,20
SYSSD7P1,ShengYang,SYS,Paddy,SYSPaddy,Straw,Day7,Straw_Day7,123.36,42.02,SYSSD7P1,21
SYSSD7P2,ShengYang,SYS,Paddy,SYSPaddy,Straw,Day7,Straw_Day7,123.36,42.01,SYSSD7P2,21
SYSSD7P3,ShengYang,SYS,Paddy,SYSPaddy,Straw,Day7,Straw_Day7,123.36,42.01,SYSSD7P3,21
SPSD7P1,SiPing,SP,Paddy,SPPaddy,Straw,Day7,Straw_Day7,124.37,43.25,SPSD7P1,22
SPSD7P2,SiPing,SP,Paddy,SPPaddy,Straw,Day7,Straw_Day7,124.37,43.26,SPSD7P2,22
SPSD7P3,SiPing,SP,Paddy,SPPaddy,Straw,Day7,Straw_Day7,124.37,43.26,SPSD7P3,22
DHSD7P1,DeHui,DH,Paddy,DHPaddy,Straw,Day7,Straw_Day7,125.72,44.56,DHSD7P1,23
DHSD7P2,DeHui,DH,Paddy,DHPaddy,Straw,Day7,Straw_Day7,125.76,44.55,DHSD7P2,23
DHSD7P3,DeHui,DH,Paddy,DHPaddy,Straw,Day7,Straw_Day7,125.77,44.55,DHSD7P3,23
HEBSD7P1,HaErBin,HEB,Paddy,HEBPaddy,Straw,Day7,Straw_Day7,126.8,45.83,HEBSD7P1,24
HEBSD7P2,HaErBin,HEB,Paddy,HEBPaddy,Straw,Day7,Straw_Day7,125.8,45.83,HEBSD7P2,24
HEBSD7P3,HaErBin,HEB,Paddy,HEBPaddy,Straw,Day7,Straw_Day7,126.8,45.82,HEBSD7P3,24
HLSD7P1,HaiLun,HL,Paddy,HLPaddy,Straw,Day7,Straw_Day7,127.01,47.46,HLSD7P1,25
HLSD7P2,HaiLun,HL,Paddy,HLPaddy,Straw,Day7,Straw_Day7,127.01,47.46,HLSD7P2,25
HLSD7P3,HaiLun,HL,Paddy,HLPaddy,Straw,Day7,Straw_Day7,127.01,47.46,HLSD7P3,25
NJSD7P1,NenJiang,NJ,Paddy,NJPaddy,Straw,Day7,Straw_Day7,125.17,49.14,NJSD7P1,26
NJSD7P2,NenJiang,NJ,Paddy,NJPaddy,Straw,Day7,Straw_Day7,125.18,49.14,NJSD7P2,26
NJSD7P3,NenJiang,NJ,Paddy,NJPaddy,Straw,Day7,Straw_Day7,125.18,49.14,NJSD7P3,26
HMSD7P1,HuMa,HM,Paddy,HMPaddy,Straw,Day7,Straw_Day7,126.63,51.74,HMSD7P1,27
HMSD7P2,HuMa,HM,Paddy,HMPaddy,Straw,Day7,Straw_Day7,126.63,51.74,HMSD7P2,27
HMSD7P3,HuMa,HM,Paddy,HMPaddy,Straw,Day7,Straw_Day7,126.62,51.74,HMSD7P3,27
SYSD30U1,SanYa,SY,Upland,SYUpland,Straw,Day30,Straw_Day30,109.65,18.34,SYSD30U1,1
SYSD30U2,SanYa,SY,Upland,SYUpland,Straw,Day30,Straw_Day30,109.65,18.34,SYSD30U2,1
SYSD30U3,SanYa,SY,Upland,SYUpland,Straw,Day30,Straw_Day30,109.64,18.34,SYSD30U3,1
HKSD30U1,HaiKou,HK,Upland,HKUpland,Straw,Day30,Straw_Day30,110.2,19.76,HKSD30U1,2
HKSD30U2,HaiKou,HK,Upland,HKUpland,Straw,Day30,Straw_Day30,110.2,19.76,HKSD30U2,2
HKSD30U3,HaiKou,HK,Upland,HKUpland,Straw,Day30,Straw_Day30,110.2,19.76,HKSD30U3,2
SXSD30U1,SuiXi,SX,Upland,SXUpland,Straw,Day30,Straw_Day30,110.26,21.4,SXSD30U1,3
SXSD30U2,SuiXi,SX,Upland,SXUpland,Straw,Day30,Straw_Day30,110.25,21.4,SXSD30U2,3
SXSD30U3,SuiXi,SX,Upland,SXUpland,Straw,Day30,Straw_Day30,110.25,21.43,SXSD30U3,3
YLSD30U1,YuLin,YL,Upland,YLUpland,Straw,Day30,Straw_Day30,110.1,22.57,YLSD30U1,4
YLSD30U2,YuLin,YL,Upland,YLUpland,Straw,Day30,Straw_Day30,110.09,22.57,YLSD30U2,4
YLSD30U3,YuLin,YL,Upland,YLUpland,Straw,Day30,Straw_Day30,110.09,22.56,YLSD30U3,4
WZSD30U1,WuZhou,WZ,Upland,WZUpland,Straw,Day30,Straw_Day30,111.34,23.55,WZSD30U1,5
WZSD30U2,WuZhou,WZ,Upland,WZUpland,Straw,Day30,Straw_Day30,111.35,23.55,WZSD30U2,5
WZSD30U3,WuZhou,WZ,Upland,WZUpland,Straw,Day30,Straw_Day30,111.35,23.56,WZSD30U3,5
JHSD30U1,JiangHua,JH,Upland,JHUpland,Straw,Day30,Straw_Day30,111.58,25.21,JHSD30U1,6
JHSD30U2,JiangHua,JH,Upland,JHUpland,Straw,Day30,Straw_Day30,111.57,25.21,JHSD30U2,6
JHSD30U3,JiangHua,JH,Upland,JHUpland,Straw,Day30,Straw_Day30,111.57,25.21,JHSD30U3,6
QYSD30U1,QiYang,QY,Upland,QYUpland,Straw,Day30,Straw_Day30,111.87,26.76,QYSD30U1,7
QYSD30U2,QiYang,QY,Upland,QYUpland,Straw,Day30,Straw_Day30,111.87,26.76,QYSD30U2,7
QYSD30U3,QiYang,QY,Upland,QYUpland,Straw,Day30,Straw_Day30,111.87,26.77,QYSD30U3,7
LDSD30U1,LouDi,LD,Upland,LDUpland,Straw,Day30,Straw_Day30,112.01,27.64,LDSD30U1,8
LDSD30U2,LouDi,LD,Upland,LDUpland,Straw,Day30,Straw_Day30,112.01,27.64,LDSD30U2,8
LDSD30U3,LouDi,LD,Upland,LDUpland,Straw,Day30,Straw_Day30,112.03,27.62,LDSD30U3,8
YiYangSD30U1,YiYang,YiYang,Upland,YiYangUpland,Straw,Day30,Straw_Day30,112.44,28.58,YiYangSD30U1,9
YiYangSD30U2,YiYang,YiYang,Upland,YiYangUpland,Straw,Day30,Straw_Day30,112.44,28.58,YiYangSD30U2,9
YiYangSD30U3,YiYang,YiYang,Upland,YiYangUpland,Straw,Day30,Straw_Day30,112.44,28.58,YiYangSD30U3,9
HRSD30U1,HuaRong,HR,Upland,HRUpland,Straw,Day30,Straw_Day30,112.66,29.51,HRSD30U1,10
HRSD30U2,HuaRong,HR,Upland,HRUpland,Straw,Day30,Straw_Day30,112.66,29.51,HRSD30U2,10
HRSD30U3,HuaRong,HR,Upland,HRUpland,Straw,Day30,Straw_Day30,112.66,29.51,HRSD30U3,10
QJSD30U1,QianJiang,QJ,Upland,QJUpland,Straw,Day30,Straw_Day30,112.9,30.46,QJSD30U1,11
QJSD30U2,QianJiang,QJ,Upland,QJUpland,Straw,Day30,Straw_Day30,112.9,30.46,QJSD30U2,11
QJSD30U3,QianJiang,QJ,Upland,QJUpland,Straw,Day30,Straw_Day30,112.9,30.46,QJSD30U3,11
XGSD30U1,XiaoGan,XG,Upland,XGUpland,Straw,Day30,Straw_Day30,113.85,30.94,XGSD30U1,12
XGSD30U2,XiaoGan,XG,Upland,XGUpland,Straw,Day30,Straw_Day30,113.85,30.94,XGSD30U2,12
XGSD30U3,XiaoGan,XG,Upland,XGUpland,Straw,Day30,Straw_Day30,113.85,30.94,XGSD30U3,12
XYSD30U1,XinYang,XY,Upland,XYUpland,Straw,Day30,Straw_Day30,114.08,32.2,XYSD30U1,13
XYSD30U2,XinYang,XY,Upland,XYUpland,Straw,Day30,Straw_Day30,114.08,32.2,XYSD30U2,13
XYSD30U3,XinYang,XY,Upland,XYUpland,Straw,Day30,Straw_Day30,114.08,32.2,XYSD30U3,13
LHSD30U1,LuoHe,LH,Upland,LHUpland,Straw,Day30,Straw_Day30,113.96,33.52,LHSD30U1,14
LHSD30U2,LuoHe,LH,Upland,LHUpland,Straw,Day30,Straw_Day30,113.96,33.52,LHSD30U2,14
LHSD30U3,LuoHe,LH,Upland,LHUpland,Straw,Day30,Straw_Day30,113.47,33.52,LHSD30U3,14
YYSD30U1,YuanYang,YY,Upland,YYUpland,Straw,Day30,Straw_Day30,113.69,35.01,YYSD30U1,15
YYSD30U2,YuanYang,YY,Upland,YYUpland,Straw,Day30,Straw_Day30,113.69,35,YYSD30U2,15
YYSD30U3,YuanYang,YY,Upland,YYUpland,Straw,Day30,Straw_Day30,113.68,35.02,YYSD30U3,15
HDSD30U1,HanDan,HD,Upland,HDUpland,Straw,Day30,Straw_Day30,114.44,36.43,HDSD30U1,16
HDSD30U2,HanDan,HD,Upland,HDUpland,Straw,Day30,Straw_Day30,114.44,36.44,HDSD30U2,16
HDSD30U3,HanDan,HD,Upland,HDUpland,Straw,Day30,Straw_Day30,114.44,36.44,HDSD30U3,16
XJSD30U1,XinJi,XJ,Upland,XJUpland,Straw,Day30,Straw_Day30,115.22,37.88,XJSD30U1,17
XJSD30U2,XinJi,XJ,Upland,XJUpland,Straw,Day30,Straw_Day30,115.22,37.88,XJSD30U2,17
XJSD30U3,XinJi,XJ,Upland,XJUpland,Straw,Day30,Straw_Day30,115.22,37.88,XJSD30U3,17
BZSD30U1,BaZhou,BZ,Upland,BZUpland,Straw,Day30,Straw_Day30,116.32,39.15,BZSD30U1,18
BZSD30U2,BaZhou,BZ,Upland,BZUpland,Straw,Day30,Straw_Day30,116.31,39.15,BZSD30U2,18
BZSD30U3,BaZhou,BZ,Upland,BZUpland,Straw,Day30,Straw_Day30,116.32,39.14,BZSD30U3,18
QHDSD30U1,QinHuangDao,QHD,Upland,QHDUpland,Straw,Day30,Straw_Day30,119.36,39.82,QHDSD30U1,19
QHDSD30U2,QinHuangDao,QHD,Upland,QHDUpland,Straw,Day30,Straw_Day30,119.36,39.83,QHDSD30U2,19
QHDSD30U3,QinHuangDao,QHD,Upland,QHDUpland,Straw,Day30,Straw_Day30,119.35,39.81,QHDSD30U3,19
PJSD30U1,PanJin,PJ,Upland,PJUpland,Straw,Day30,Straw_Day30,122.13,41.24,PJSD30U1,20
PJSD30U2,PanJin,PJ,Upland,PJUpland,Straw,Day30,Straw_Day30,122.13,41.24,PJSD30U2,20
PJSD30U3,PanJin,PJ,Upland,PJUpland,Straw,Day30,Straw_Day30,122.12,41.24,PJSD30U3,20
SYSSD30U1,ShengYang,SYS,Upland,SYSUpland,Straw,Day30,Straw_Day30,123.36,42,SYSSD30U1,21
SYSSD30U2,ShengYang,SYS,Upland,SYSUpland,Straw,Day30,Straw_Day30,123.36,42,SYSSD30U2,21
SYSSD30U3,ShengYang,SYS,Upland,SYSUpland,Straw,Day30,Straw_Day30,123.36,42,SYSSD30U3,21
SPSD30U1,SiPing,SP,Upland,SPUpland,Straw,Day30,Straw_Day30,124.37,43.26,SPSD30U1,22
SPSD30U2,SiPing,SP,Upland,SPUpland,Straw,Day30,Straw_Day30,124.37,43.26,SPSD30U2,22
SPSD30U3,SiPing,SP,Upland,SPUpland,Straw,Day30,Straw_Day30,124.38,43.25,SPSD30U3,22
DHSD30U1,DeHui,DH,Upland,DHUpland,Straw,Day30,Straw_Day30,125.76,44.55,DHSD30U1,23
DHSD30U2,DeHui,DH,Upland,DHUpland,Straw,Day30,Straw_Day30,125.77,44.55,DHSD30U2,23
DHSD30U3,DeHui,DH,Upland,DHUpland,Straw,Day30,Straw_Day30,125.77,44.55,DHSD30U3,23
HEBSD30U1,HaErBin,HEB,Upland,HEBUpland,Straw,Day30,Straw_Day30,126.8,45.83,HEBSD30U1,24
HEBSD30U2,HaErBin,HEB,Upland,HEBUpland,Straw,Day30,Straw_Day30,126.8,45.83,HEBSD30U2,24
HEBSD30U3,HaErBin,HEB,Upland,HEBUpland,Straw,Day30,Straw_Day30,126.8,45.83,HEBSD30U3,24
HLSD30U1,HaiLun,HL,Upland,HLUpland,Straw,Day30,Straw_Day30,127.01,47.46,HLSD30U1,25
HLSD30U2,HaiLun,HL,Upland,HLUpland,Straw,Day30,Straw_Day30,127.01,47.46,HLSD30U2,25
HLSD30U3,HaiLun,HL,Upland,HLUpland,Straw,Day30,Straw_Day30,127.01,47.46,HLSD30U3,25
NJSD30U1,NenJiang,NJ,Upland,NJUpland,Straw,Day30,Straw_Day30,125.18,49.13,NJSD30U1,26
NJSD30U2,NenJiang,NJ,Upland,NJUpland,Straw,Day30,Straw_Day30,125.18,49.14,NJSD30U2,26
NJSD30U3,NenJiang,NJ,Upland,NJUpland,Straw,Day30,Straw_Day30,125.17,49.14,NJSD30U3,26
HMSD30U1,HuMa,HM,Upland,HMUpland,Straw,Day30,Straw_Day30,126.62,51.72,HMSD30U1,27
HMSD30U2,HuMa,HM,Upland,HMUpland,Straw,Day30,Straw_Day30,126.62,51.72,HMSD30U2,27
HMSD30U3,HuMa,HM,Upland,HMUpland,Straw,Day30,Straw_Day30,126.62,57.72,HMSD30U3,27
MHSD30U1,MoHe,MH,Upland,MHUpland,Straw,Day30,Straw_Day30,122.35,53.49,MHSD30U1,28
MHSD30U2,MoHe,MH,Upland,MHUpland,Straw,Day30,Straw_Day30,122.35,53.49,MHSD30U2,28
MHSD30U3,MoHe,MH,Upland,MHUpland,Straw,Day30,Straw_Day30,122.34,53.49,MHSD30U3,28
SYSD30P1,SanYa,SY,Paddy,SYPaddy,Straw,Day30,Straw_Day30,109.65,18.34,SYSD30P1,1
SYSD30P2,SanYa,SY,Paddy,SYPaddy,Straw,Day30,Straw_Day30,109.65,18.34,SYSD30P2,1
SYSD30P3,SanYa,SY,Paddy,SYPaddy,Straw,Day30,Straw_Day30,109.65,18.34,SYSD30P3,1
HKSD30P1,HaiKou,HK,Paddy,HKPaddy,Straw,Day30,Straw_Day30,110.25,19.81,HKSD30P1,2
HKSD30P2,HaiKou,HK,Paddy,HKPaddy,Straw,Day30,Straw_Day30,110.25,19.8,HKSD30P2,2
HKSD30P3,HaiKou,HK,Paddy,HKPaddy,Straw,Day30,Straw_Day30,110.26,19.82,HKSD30P3,2
SXSD30P1,SuiXi,SX,Paddy,SXPaddy,Straw,Day30,Straw_Day30,110.26,21.4,SXSD30P1,3
SXSD30P2,SuiXi,SX,Paddy,SXPaddy,Straw,Day30,Straw_Day30,110.26,21.4,SXSD30P2,3
SXSD30P3,SuiXi,SX,Paddy,SXPaddy,Straw,Day30,Straw_Day30,110.25,21.43,SXSD30P3,3
YLSD30P1,YuLin,YL,Paddy,YLPaddy,Straw,Day30,Straw_Day30,110.09,22.57,YLSD30P1,4
YLSD30P2,YuLin,YL,Paddy,YLPaddy,Straw,Day30,Straw_Day30,110.09,22.57,YLSD30P2,4
YLSD30P3,YuLin,YL,Paddy,YLPaddy,Straw,Day30,Straw_Day30,110.09,22.56,YLSD30P3,4
WZSD30P1,WuZhou,WZ,Paddy,WZPaddy,Straw,Day30,Straw_Day30,111.35,23.55,WZSD30P1,5
WZSD30P2,WuZhou,WZ,Paddy,WZPaddy,Straw,Day30,Straw_Day30,111.35,23.55,WZSD30P2,5
WZSD30P3,WuZhou,WZ,Paddy,WZPaddy,Straw,Day30,Straw_Day30,111.35,23.55,WZSD30P3,5
JHSD30P1,JiangHua,JH,Paddy,JHPaddy,Straw,Day30,Straw_Day30,111.58,25.21,JHSD30P1,6
JHSD30P2,JiangHua,JH,Paddy,JHPaddy,Straw,Day30,Straw_Day30,111.57,25.21,JHSD30P2,6
JHSD30P3,JiangHua,JH,Paddy,JHPaddy,Straw,Day30,Straw_Day30,111.57,25.21,JHSD30P3,6
QYSD30P1,QiYang,QY,Paddy,QYPaddy,Straw,Day30,Straw_Day30,111.87,26.76,QYSD30P1,7
QYSD30P2,QiYang,QY,Paddy,QYPaddy,Straw,Day30,Straw_Day30,111.87,26.76,QYSD30P2,7
QYSD30P3,QiYang,QY,Paddy,QYPaddy,Straw,Day30,Straw_Day30,111.87,26.76,QYSD30P3,7
LDSD30P1,LouDi,LD,Paddy,LDPaddy,Straw,Day30,Straw_Day30,112.01,27.63,LDSD30P1,8
LDSD30P2,LouDi,LD,Paddy,LDPaddy,Straw,Day30,Straw_Day30,112.01,27.63,LDSD30P2,8
LDSD30P3,LouDi,LD,Paddy,LDPaddy,Straw,Day30,Straw_Day30,112.03,27.62,LDSD30P3,8
YiYangSD30P1,YiYang,YiYang,Paddy,YiYangPaddy,Straw,Day30,Straw_Day30,112.41,28.6,YiYangSD30P1,9
YiYangSD30P2,YiYang,YiYang,Paddy,YiYangPaddy,Straw,Day30,Straw_Day30,112.41,28.44,YiYangSD30P2,9
YiYangSD30P3,YiYang,YiYang,Paddy,YiYangPaddy,Straw,Day30,Straw_Day30,112.4,28.6,YiYangSD30P3,9
HRSD30P1,HuaRong,HR,Paddy,HRPaddy,Straw,Day30,Straw_Day30,112.66,29.51,HRSD30P1,10
HRSD30P2,HuaRong,HR,Paddy,HRPaddy,Straw,Day30,Straw_Day30,112.66,29.51,HRSD30P2,10
HRSD30P3,HuaRong,HR,Paddy,HRPaddy,Straw,Day30,Straw_Day30,112.66,29.51,HRSD30P3,10
QJSD30P1,QianJiang,QJ,Paddy,QJPaddy,Straw,Day30,Straw_Day30,112.9,30.43,QJSD30P1,11
QJSD30P2,QianJiang,QJ,Paddy,QJPaddy,Straw,Day30,Straw_Day30,112.93,30.39,QJSD30P2,11
QJSD30P3,QianJiang,QJ,Paddy,QJPaddy,Straw,Day30,Straw_Day30,112.92,30.4,QJSD30P3,11
XGSD30P1,XiaoGan,XG,Paddy,XGPaddy,Straw,Day30,Straw_Day30,113.85,30.94,XGSD30P1,12
XGSD30P2,XiaoGan,XG,Paddy,XGPaddy,Straw,Day30,Straw_Day30,113.85,30.94,XGSD30P2,12
XGSD30P3,XiaoGan,XG,Paddy,XGPaddy,Straw,Day30,Straw_Day30,113.85,30.94,XGSD30P3,12
XYSD30P1,XinYang,XY,Paddy,XYPaddy,Straw,Day30,Straw_Day30,114.08,32.2,XYSD30P1,13
XYSD30P2,XinYang,XY,Paddy,XYPaddy,Straw,Day30,Straw_Day30,114.08,32.2,XYSD30P2,13
XYSD30P3,XinYang,XY,Paddy,XYPaddy,Straw,Day30,Straw_Day30,114.07,32.2,XYSD30P3,13
YYSD30P1,YuanYang,YY,Paddy,YYPaddy,Straw,Day30,Straw_Day30,113.69,35.02,YYSD30P1,15
YYSD30P2,YuanYang,YY,Paddy,YYPaddy,Straw,Day30,Straw_Day30,113.69,35.02,YYSD30P2,15
YYSD30P3,YuanYang,YY,Paddy,YYPaddy,Straw,Day30,Straw_Day30,113.68,35.02,YYSD30P3,15
HDSD30P1,HanDan,HD,Paddy,HDPaddy,Straw,Day30,Straw_Day30,114.43,36.44,HDSD30P1,16
HDSD30P2,HanDan,HD,Paddy,HDPaddy,Straw,Day30,Straw_Day30,114.43,36.45,HDSD30P2,16
HDSD30P3,HanDan,HD,Paddy,HDPaddy,Straw,Day30,Straw_Day30,114.43,36.45,HDSD30P3,16
QHDSD30P1,QinHuangDao,QHD,Paddy,QHDPaddy,Straw,Day30,Straw_Day30,119.36,39.82,QHDSD30P1,19
QHDSD30P2,QinHuangDao,QHD,Paddy,QHDPaddy,Straw,Day30,Straw_Day30,119.37,39.82,QHDSD30P2,19
QHDSD30P3,QinHuangDao,QHD,Paddy,QHDPaddy,Straw,Day30,Straw_Day30,119.35,39.81,QHDSD30P3,19
PJSD30P1,PanJin,PJ,Paddy,PJPaddy,Straw,Day30,Straw_Day30,122.13,41.24,PJSD30P1,20
PJSD30P2,PanJin,PJ,Paddy,PJPaddy,Straw,Day30,Straw_Day30,122.13,41.24,PJSD30P2,20
PJSD30P3,PanJin,PJ,Paddy,PJPaddy,Straw,Day30,Straw_Day30,122.13,41.24,PJSD30P3,20
SYSSD30P1,ShengYang,SYS,Paddy,SYSPaddy,Straw,Day30,Straw_Day30,123.36,42.02,SYSSD30P1,21
SYSSD30P2,ShengYang,SYS,Paddy,SYSPaddy,Straw,Day30,Straw_Day30,123.36,42.01,SYSSD30P2,21
SYSSD30P3,ShengYang,SYS,Paddy,SYSPaddy,Straw,Day30,Straw_Day30,123.36,42.01,SYSSD30P3,21
SPSD30P1,SiPing,SP,Paddy,SPPaddy,Straw,Day30,Straw_Day30,124.37,43.25,SPSD30P1,22
SPSD30P2,SiPing,SP,Paddy,SPPaddy,Straw,Day30,Straw_Day30,124.37,43.26,SPSD30P2,22
SPSD30P3,SiPing,SP,Paddy,SPPaddy,Straw,Day30,Straw_Day30,124.37,43.26,SPSD30P3,22
DHSD30P1,DeHui,DH,Paddy,DHPaddy,Straw,Day30,Straw_Day30,125.72,44.56,DHSD30P1,23
DHSD30P2,DeHui,DH,Paddy,DHPaddy,Straw,Day30,Straw_Day30,125.76,44.55,DHSD30P2,23
DHSD30P3,DeHui,DH,Paddy,DHPaddy,Straw,Day30,Straw_Day30,125.77,44.55,DHSD30P3,23
HEBSD30P1,HaErBin,HEB,Paddy,HEBPaddy,Straw,Day30,Straw_Day30,126.8,45.83,HEBSD30P1,24
HEBSD30P2,HaErBin,HEB,Paddy,HEBPaddy,Straw,Day30,Straw_Day30,125.8,45.83,HEBSD30P2,24
HEBSD30P3,HaErBin,HEB,Paddy,HEBPaddy,Straw,Day30,Straw_Day30,126.8,45.82,HEBSD30P3,24
HLSD30P1,HaiLun,HL,Paddy,HLPaddy,Straw,Day30,Straw_Day30,127.01,47.46,HLSD30P1,25
HLSD30P2,HaiLun,HL,Paddy,HLPaddy,Straw,Day30,Straw_Day30,127.01,47.46,HLSD30P2,25
HLSD30P3,HaiLun,HL,Paddy,HLPaddy,Straw,Day30,Straw_Day30,127.01,47.46,HLSD30P3,25
NJSD30P1,NenJiang,NJ,Paddy,NJPaddy,Straw,Day30,Straw_Day30,125.17,49.14,NJSD30P1,26
NJSD30P2,NenJiang,NJ,Paddy,NJPaddy,Straw,Day30,Straw_Day30,125.18,49.14,NJSD30P2,26
NJSD30P3,NenJiang,NJ,Paddy,NJPaddy,Straw,Day30,Straw_Day30,125.18,49.14,NJSD30P3,26
HMSD30P1,HuMa,HM,Paddy,HMPaddy,Straw,Day30,Straw_Day30,126.63,51.74,HMSD30P1,27
HMSD30P2,HuMa,HM,Paddy,HMPaddy,Straw,Day30,Straw_Day30,126.63,51.74,HMSD30P2,27
HMSD30P3,HuMa,HM,Paddy,HMPaddy,Straw,Day30,Straw_Day30,126.62,51.74,HMSD30P3,27
SYSD60U1,SanYa,SY,Upland,SYUpland,Straw,Day60,Straw_Day60,109.65,18.34,SYSD60U1,1
SYSD60U2,SanYa,SY,Upland,SYUpland,Straw,Day60,Straw_Day60,109.65,18.34,SYSD60U2,1
SYSD60U3,SanYa,SY,Upland,SYUpland,Straw,Day60,Straw_Day60,109.64,18.34,SYSD60U3,1
HKSD60U1,HaiKou,HK,Upland,HKUpland,Straw,Day60,Straw_Day60,110.2,19.76,HKSD60U1,2
HKSD60U2,HaiKou,HK,Upland,HKUpland,Straw,Day60,Straw_Day60,110.2,19.76,HKSD60U2,2
HKSD60U3,HaiKou,HK,Upland,HKUpland,Straw,Day60,Straw_Day60,110.2,19.76,HKSD60U3,2
SXSD60U1,SuiXi,SX,Upland,SXUpland,Straw,Day60,Straw_Day60,110.26,21.4,SXSD60U1,3
SXSD60U2,SuiXi,SX,Upland,SXUpland,Straw,Day60,Straw_Day60,110.25,21.4,SXSD60U2,3
SXSD60U3,SuiXi,SX,Upland,SXUpland,Straw,Day60,Straw_Day60,110.25,21.43,SXSD60U3,3
YLSD60U1,YuLin,YL,Upland,YLUpland,Straw,Day60,Straw_Day60,110.1,22.57,YLSD60U1,4
YLSD60U2,YuLin,YL,Upland,YLUpland,Straw,Day60,Straw_Day60,110.09,22.57,YLSD60U2,4
YLSD60U3,YuLin,YL,Upland,YLUpland,Straw,Day60,Straw_Day60,110.09,22.56,YLSD60U3,4
WZSD60U1,WuZhou,WZ,Upland,WZUpland,Straw,Day60,Straw_Day60,111.34,23.55,WZSD60U1,5
WZSD60U2,WuZhou,WZ,Upland,WZUpland,Straw,Day60,Straw_Day60,111.35,23.55,WZSD60U2,5
WZSD60U3,WuZhou,WZ,Upland,WZUpland,Straw,Day60,Straw_Day60,111.35,23.56,WZSD60U3,5
JHSD60U1,JiangHua,JH,Upland,JHUpland,Straw,Day60,Straw_Day60,111.58,25.21,JHSD60U1,6
JHSD60U2,JiangHua,JH,Upland,JHUpland,Straw,Day60,Straw_Day60,111.57,25.21,JHSD60U2,6
JHSD60U3,JiangHua,JH,Upland,JHUpland,Straw,Day60,Straw_Day60,111.57,25.21,JHSD60U3,6
QYSD60U1,QiYang,QY,Upland,QYUpland,Straw,Day60,Straw_Day60,111.87,26.76,QYSD60U1,7
QYSD60U2,QiYang,QY,Upland,QYUpland,Straw,Day60,Straw_Day60,111.87,26.76,QYSD60U2,7
QYSD60U3,QiYang,QY,Upland,QYUpland,Straw,Day60,Straw_Day60,111.87,26.77,QYSD60U3,7
LDSD60U1,LouDi,LD,Upland,LDUpland,Straw,Day60,Straw_Day60,112.01,27.64,LDSD60U1,8
LDSD60U2,LouDi,LD,Upland,LDUpland,Straw,Day60,Straw_Day60,112.01,27.64,LDSD60U2,8
LDSD60U3,LouDi,LD,Upland,LDUpland,Straw,Day60,Straw_Day60,112.03,27.62,LDSD60U3,8
YiYangSD60U1,YiYang,YiYang,Upland,YiYangUpland,Straw,Day60,Straw_Day60,112.44,28.58,YiYangSD60U1,9
YiYangSD60U2,YiYang,YiYang,Upland,YiYangUpland,Straw,Day60,Straw_Day60,112.44,28.58,YiYangSD60U2,9
YiYangSD60U3,YiYang,YiYang,Upland,YiYangUpland,Straw,Day60,Straw_Day60,112.44,28.58,YiYangSD60U3,9
HRSD60U1,HuaRong,HR,Upland,HRUpland,Straw,Day60,Straw_Day60,112.66,29.51,HRSD60U1,10
HRSD60U2,HuaRong,HR,Upland,HRUpland,Straw,Day60,Straw_Day60,112.66,29.51,HRSD60U2,10
HRSD60U3,HuaRong,HR,Upland,HRUpland,Straw,Day60,Straw_Day60,112.66,29.51,HRSD60U3,10
QJSD60U1,QianJiang,QJ,Upland,QJUpland,Straw,Day60,Straw_Day60,112.9,30.46,QJSD60U1,11
QJSD60U2,QianJiang,QJ,Upland,QJUpland,Straw,Day60,Straw_Day60,112.9,30.46,QJSD60U2,11
QJSD60U3,QianJiang,QJ,Upland,QJUpland,Straw,Day60,Straw_Day60,112.9,30.46,QJSD60U3,11
XGSD60U1,XiaoGan,XG,Upland,XGUpland,Straw,Day60,Straw_Day60,113.85,30.94,XGSD60U1,12
XGSD60U2,XiaoGan,XG,Upland,XGUpland,Straw,Day60,Straw_Day60,113.85,30.94,XGSD60U2,12
XGSD60U3,XiaoGan,XG,Upland,XGUpland,Straw,Day60,Straw_Day60,113.85,30.94,XGSD60U3,12
XYSD60U1,XinYang,XY,Upland,XYUpland,Straw,Day60,Straw_Day60,114.08,32.2,XYSD60U1,13
XYSD60U2,XinYang,XY,Upland,XYUpland,Straw,Day60,Straw_Day60,114.08,32.2,XYSD60U2,13
XYSD60U3,XinYang,XY,Upland,XYUpland,Straw,Day60,Straw_Day60,114.08,32.2,XYSD60U3,13
LHSD60U1,LuoHe,LH,Upland,LHUpland,Straw,Day60,Straw_Day60,113.96,33.52,LHSD60U1,14
LHSD60U2,LuoHe,LH,Upland,LHUpland,Straw,Day60,Straw_Day60,113.96,33.52,LHSD60U2,14
LHSD60U3,LuoHe,LH,Upland,LHUpland,Straw,Day60,Straw_Day60,113.47,33.52,LHSD60U3,14
YYSD60U1,YuanYang,YY,Upland,YYUpland,Straw,Day60,Straw_Day60,113.69,35.01,YYSD60U1,15
YYSD60U2,YuanYang,YY,Upland,YYUpland,Straw,Day60,Straw_Day60,113.69,35,YYSD60U2,15
YYSD60U3,YuanYang,YY,Upland,YYUpland,Straw,Day60,Straw_Day60,113.68,35.02,YYSD60U3,15
HDSD60U1,HanDan,HD,Upland,HDUpland,Straw,Day60,Straw_Day60,114.44,36.43,HDSD60U1,16
HDSD60U2,HanDan,HD,Upland,HDUpland,Straw,Day60,Straw_Day60,114.44,36.44,HDSD60U2,16
HDSD60U3,HanDan,HD,Upland,HDUpland,Straw,Day60,Straw_Day60,114.44,36.44,HDSD60U3,16
XJSD60U1,XinJi,XJ,Upland,XJUpland,Straw,Day60,Straw_Day60,115.22,37.88,XJSD60U1,17
XJSD60U2,XinJi,XJ,Upland,XJUpland,Straw,Day60,Straw_Day60,115.22,37.88,XJSD60U2,17
XJSD60U3,XinJi,XJ,Upland,XJUpland,Straw,Day60,Straw_Day60,115.22,37.88,XJSD60U3,17
BZSD60U1,BaZhou,BZ,Upland,BZUpland,Straw,Day60,Straw_Day60,116.32,39.15,BZSD60U1,18
BZSD60U2,BaZhou,BZ,Upland,BZUpland,Straw,Day60,Straw_Day60,116.31,39.15,BZSD60U2,18
BZSD60U3,BaZhou,BZ,Upland,BZUpland,Straw,Day60,Straw_Day60,116.32,39.14,BZSD60U3,18
QHDSD60U1,QinHuangDao,QHD,Upland,QHDUpland,Straw,Day60,Straw_Day60,119.36,39.82,QHDSD60U1,19
QHDSD60U2,QinHuangDao,QHD,Upland,QHDUpland,Straw,Day60,Straw_Day60,119.36,39.83,QHDSD60U2,19
QHDSD60U3,QinHuangDao,QHD,Upland,QHDUpland,Straw,Day60,Straw_Day60,119.35,39.81,QHDSD60U3,19
PJSD60U1,PanJin,PJ,Upland,PJUpland,Straw,Day60,Straw_Day60,122.13,41.24,PJSD60U1,20
PJSD60U2,PanJin,PJ,Upland,PJUpland,Straw,Day60,Straw_Day60,122.13,41.24,PJSD60U2,20
PJSD60U3,PanJin,PJ,Upland,PJUpland,Straw,Day60,Straw_Day60,122.12,41.24,PJSD60U3,20
SYSSD60U1,ShengYang,SYS,Upland,SYSUpland,Straw,Day60,Straw_Day60,123.36,42,SYSSD60U1,21
SYSSD60U2,ShengYang,SYS,Upland,SYSUpland,Straw,Day60,Straw_Day60,123.36,42,SYSSD60U2,21
SYSSD60U3,ShengYang,SYS,Upland,SYSUpland,Straw,Day60,Straw_Day60,123.36,42,SYSSD60U3,21
SPSD60U1,SiPing,SP,Upland,SPUpland,Straw,Day60,Straw_Day60,124.37,43.26,SPSD60U1,22
SPSD60U2,SiPing,SP,Upland,SPUpland,Straw,Day60,Straw_Day60,124.37,43.26,SPSD60U2,22
SPSD60U3,SiPing,SP,Upland,SPUpland,Straw,Day60,Straw_Day60,124.38,43.25,SPSD60U3,22
DHSD60U1,DeHui,DH,Upland,DHUpland,Straw,Day60,Straw_Day60,125.76,44.55,DHSD60U1,23
DHSD60U2,DeHui,DH,Upland,DHUpland,Straw,Day60,Straw_Day60,125.77,44.55,DHSD60U2,23
DHSD60U3,DeHui,DH,Upland,DHUpland,Straw,Day60,Straw_Day60,125.77,44.55,DHSD60U3,23
HEBSD60U1,HaErBin,HEB,Upland,HEBUpland,Straw,Day60,Straw_Day60,126.8,45.83,HEBSD60U1,24
HEBSD60U2,HaErBin,HEB,Upland,HEBUpland,Straw,Day60,Straw_Day60,126.8,45.83,HEBSD60U2,24
HEBSD60U3,HaErBin,HEB,Upland,HEBUpland,Straw,Day60,Straw_Day60,126.8,45.83,HEBSD60U3,24
HLSD60U1,HaiLun,HL,Upland,HLUpland,Straw,Day60,Straw_Day60,127.01,47.46,HLSD60U1,25
HLSD60U2,HaiLun,HL,Upland,HLUpland,Straw,Day60,Straw_Day60,127.01,47.46,HLSD60U2,25
HLSD60U3,HaiLun,HL,Upland,HLUpland,Straw,Day60,Straw_Day60,127.01,47.46,HLSD60U3,25
NJSD60U1,NenJiang,NJ,Upland,NJUpland,Straw,Day60,Straw_Day60,125.18,49.13,NJSD60U1,26
NJSD60U2,NenJiang,NJ,Upland,NJUpland,Straw,Day60,Straw_Day60,125.18,49.14,NJSD60U2,26
NJSD60U3,NenJiang,NJ,Upland,NJUpland,Straw,Day60,Straw_Day60,125.17,49.14,NJSD60U3,26
HMSD60U1,HuMa,HM,Upland,HMUpland,Straw,Day60,Straw_Day60,126.62,51.72,HMSD60U1,27
HMSD60U2,HuMa,HM,Upland,HMUpland,Straw,Day60,Straw_Day60,126.62,51.72,HMSD60U2,27
HMSD60U3,HuMa,HM,Upland,HMUpland,Straw,Day60,Straw_Day60,126.62,57.72,HMSD60U3,27
MHSD60U1,MoHe,MH,Upland,MHUpland,Straw,Day60,Straw_Day60,122.35,53.49,MHSD60U1,28
MHSD60U2,MoHe,MH,Upland,MHUpland,Straw,Day60,Straw_Day60,122.35,53.49,MHSD60U2,28
MHSD60U3,MoHe,MH,Upland,MHUpland,Straw,Day60,Straw_Day60,122.34,53.49,MHSD60U3,28
SYSD60P1,SanYa,SY,Paddy,SYPaddy,Straw,Day60,Straw_Day60,109.65,18.34,SYSD60P1,1
SYSD60P2,SanYa,SY,Paddy,SYPaddy,Straw,Day60,Straw_Day60,109.65,18.34,SYSD60P2,1
SYSD60P3,SanYa,SY,Paddy,SYPaddy,Straw,Day60,Straw_Day60,109.65,18.34,SYSD60P3,1
HKSD60P1,HaiKou,HK,Paddy,HKPaddy,Straw,Day60,Straw_Day60,110.25,19.81,HKSD60P1,2
HKSD60P2,HaiKou,HK,Paddy,HKPaddy,Straw,Day60,Straw_Day60,110.25,19.8,HKSD60P2,2
HKSD60P3,HaiKou,HK,Paddy,HKPaddy,Straw,Day60,Straw_Day60,110.26,19.82,HKSD60P3,2
SXSD60P1,SuiXi,SX,Paddy,SXPaddy,Straw,Day60,Straw_Day60,110.26,21.4,SXSD60P1,3
SXSD60P2,SuiXi,SX,Paddy,SXPaddy,Straw,Day60,Straw_Day60,110.26,21.4,SXSD60P2,3
SXSD60P3,SuiXi,SX,Paddy,SXPaddy,Straw,Day60,Straw_Day60,110.25,21.43,SXSD60P3,3
YLSD60P1,YuLin,YL,Paddy,YLPaddy,Straw,Day60,Straw_Day60,110.09,22.57,YLSD60P1,4
YLSD60P2,YuLin,YL,Paddy,YLPaddy,Straw,Day60,Straw_Day60,110.09,22.57,YLSD60P2,4
YLSD60P3,YuLin,YL,Paddy,YLPaddy,Straw,Day60,Straw_Day60,110.09,22.56,YLSD60P3,4
WZSD60P1,WuZhou,WZ,Paddy,WZPaddy,Straw,Day60,Straw_Day60,111.35,23.55,WZSD60P1,5
WZSD60P2,WuZhou,WZ,Paddy,WZPaddy,Straw,Day60,Straw_Day60,111.35,23.55,WZSD60P2,5
WZSD60P3,WuZhou,WZ,Paddy,WZPaddy,Straw,Day60,Straw_Day60,111.35,23.55,WZSD60P3,5
JHSD60P1,JiangHua,JH,Paddy,JHPaddy,Straw,Day60,Straw_Day60,111.58,25.21,JHSD60P1,6
JHSD60P2,JiangHua,JH,Paddy,JHPaddy,Straw,Day60,Straw_Day60,111.57,25.21,JHSD60P2,6
JHSD60P3,JiangHua,JH,Paddy,JHPaddy,Straw,Day60,Straw_Day60,111.57,25.21,JHSD60P3,6
QYSD60P1,QiYang,QY,Paddy,QYPaddy,Straw,Day60,Straw_Day60,111.87,26.76,QYSD60P1,7
QYSD60P2,QiYang,QY,Paddy,QYPaddy,Straw,Day60,Straw_Day60,111.87,26.76,QYSD60P2,7
QYSD60P3,QiYang,QY,Paddy,QYPaddy,Straw,Day60,Straw_Day60,111.87,26.76,QYSD60P3,7
LDSD60P1,LouDi,LD,Paddy,LDPaddy,Straw,Day60,Straw_Day60,112.01,27.63,LDSD60P1,8
LDSD60P2,LouDi,LD,Paddy,LDPaddy,Straw,Day60,Straw_Day60,112.01,27.63,LDSD60P2,8
LDSD60P3,LouDi,LD,Paddy,LDPaddy,Straw,Day60,Straw_Day60,112.03,27.62,LDSD60P3,8
YiYangSD60P1,YiYang,YiYang,Paddy,YiYangPaddy,Straw,Day60,Straw_Day60,112.41,28.6,YiYangSD60P1,9
YiYangSD60P2,YiYang,YiYang,Paddy,YiYangPaddy,Straw,Day60,Straw_Day60,112.41,28.44,YiYangSD60P2,9
YiYangSD60P3,YiYang,YiYang,Paddy,YiYangPaddy,Straw,Day60,Straw_Day60,112.4,28.6,YiYangSD60P3,9
HRSD60P1,HuaRong,HR,Paddy,HRPaddy,Straw,Day60,Straw_Day60,112.66,29.51,HRSD60P1,10
HRSD60P2,HuaRong,HR,Paddy,HRPaddy,Straw,Day60,Straw_Day60,112.66,29.51,HRSD60P2,10
HRSD60P3,HuaRong,HR,Paddy,HRPaddy,Straw,Day60,Straw_Day60,112.66,29.51,HRSD60P3,10
QJSD60P1,QianJiang,QJ,Paddy,QJPaddy,Straw,Day60,Straw_Day60,112.9,30.43,QJSD60P1,11
QJSD60P2,QianJiang,QJ,Paddy,QJPaddy,Straw,Day60,Straw_Day60,112.93,30.39,QJSD60P2,11
QJSD60P3,QianJiang,QJ,Paddy,QJPaddy,Straw,Day60,Straw_Day60,112.92,30.4,QJSD60P3,11
XGSD60P1,XiaoGan,XG,Paddy,XGPaddy,Straw,Day60,Straw_Day60,113.85,30.94,XGSD60P1,12
XGSD60P2,XiaoGan,XG,Paddy,XGPaddy,Straw,Day60,Straw_Day60,113.85,30.94,XGSD60P2,12
XGSD60P3,XiaoGan,XG,Paddy,XGPaddy,Straw,Day60,Straw_Day60,113.85,30.94,XGSD60P3,12
XYSD60P1,XinYang,XY,Paddy,XYPaddy,Straw,Day60,Straw_Day60,114.08,32.2,XYSD60P1,13
XYSD60P2,XinYang,XY,Paddy,XYPaddy,Straw,Day60,Straw_Day60,114.08,32.2,XYSD60P2,13
XYSD60P3,XinYang,XY,Paddy,XYPaddy,Straw,Day60,Straw_Day60,114.07,32.2,XYSD60P3,13
YYSD60P1,YuanYang,YY,Paddy,YYPaddy,Straw,Day60,Straw_Day60,113.69,35.02,YYSD60P1,15
YYSD60P2,YuanYang,YY,Paddy,YYPaddy,Straw,Day60,Straw_Day60,113.69,35.02,YYSD60P2,15
YYSD60P3,YuanYang,YY,Paddy,YYPaddy,Straw,Day60,Straw_Day60,113.68,35.02,YYSD60P3,15
HDSD60P1,HanDan,HD,Paddy,HDPaddy,Straw,Day60,Straw_Day60,114.43,36.44,HDSD60P1,16
HDSD60P2,HanDan,HD,Paddy,HDPaddy,Straw,Day60,Straw_Day60,114.43,36.45,HDSD60P2,16
HDSD60P3,HanDan,HD,Paddy,HDPaddy,Straw,Day60,Straw_Day60,114.43,36.45,HDSD60P3,16
QHDSD60P1,QinHuangDao,QHD,Paddy,QHDPaddy,Straw,Day60,Straw_Day60,119.36,39.82,QHDSD60P1,19
QHDSD60P2,QinHuangDao,QHD,Paddy,QHDPaddy,Straw,Day60,Straw_Day60,119.37,39.82,QHDSD60P2,19
QHDSD60P3,QinHuangDao,QHD,Paddy,QHDPaddy,Straw,Day60,Straw_Day60,119.35,39.81,QHDSD60P3,19
PJSD60P1,PanJin,PJ,Paddy,PJPaddy,Straw,Day60,Straw_Day60,122.13,41.24,PJSD60P1,20
PJSD60P2,PanJin,PJ,Paddy,PJPaddy,Straw,Day60,Straw_Day60,122.13,41.24,PJSD60P2,20
PJSD60P3,PanJin,PJ,Paddy,PJPaddy,Straw,Day60,Straw_Day60,122.13,41.24,PJSD60P3,20
SYSSD60P1,ShengYang,SYS,Paddy,SYSPaddy,Straw,Day60,Straw_Day60,123.36,42.02,SYSSD60P1,21
SYSSD60P2,ShengYang,SYS,Paddy,SYSPaddy,Straw,Day60,Straw_Day60,123.36,42.01,SYSSD60P2,21
SYSSD60P3,ShengYang,SYS,Paddy,SYSPaddy,Straw,Day60,Straw_Day60,123.36,42.01,SYSSD60P3,21
SPSD60P1,SiPing,SP,Paddy,SPPaddy,Straw,Day60,Straw_Day60,124.37,43.25,SPSD60P1,22
SPSD60P2,SiPing,SP,Paddy,SPPaddy,Straw,Day60,Straw_Day60,124.37,43.26,SPSD60P2,22
SPSD60P3,SiPing,SP,Paddy,SPPaddy,Straw,Day60,Straw_Day60,124.37,43.26,SPSD60P3,22
DHSD60P1,DeHui,DH,Paddy,DHPaddy,Straw,Day60,Straw_Day60,125.72,44.56,DHSD60P1,23
DHSD60P2,DeHui,DH,Paddy,DHPaddy,Straw,Day60,Straw_Day60,125.76,44.55,DHSD60P2,23
DHSD60P3,DeHui,DH,Paddy,DHPaddy,Straw,Day60,Straw_Day60,125.77,44.55,DHSD60P3,23
HEBSD60P1,HaErBin,HEB,Paddy,HEBPaddy,Straw,Day60,Straw_Day60,126.8,45.83,HEBSD60P1,24
HEBSD60P2,HaErBin,HEB,Paddy,HEBPaddy,Straw,Day60,Straw_Day60,125.8,45.83,HEBSD60P2,24
HEBSD60P3,HaErBin,HEB,Paddy,HEBPaddy,Straw,Day60,Straw_Day60,126.8,45.82,HEBSD60P3,24
HLSD60P1,HaiLun,HL,Paddy,HLPaddy,Straw,Day60,Straw_Day60,127.01,47.46,HLSD60P1,25
HLSD60P2,HaiLun,HL,Paddy,HLPaddy,Straw,Day60,Straw_Day60,127.01,47.46,HLSD60P2,25
HLSD60P3,HaiLun,HL,Paddy,HLPaddy,Straw,Day60,Straw_Day60,127.01,47.46,HLSD60P3,25
NJSD60P1,NenJiang,NJ,Paddy,NJPaddy,Straw,Day60,Straw_Day60,125.17,49.14,NJSD60P1,26
NJSD60P2,NenJiang,NJ,Paddy,NJPaddy,Straw,Day60,Straw_Day60,125.18,49.14,NJSD60P2,26
NJSD60P3,NenJiang,NJ,Paddy,NJPaddy,Straw,Day60,Straw_Day60,125.18,49.14,NJSD60P3,26
HMSD60P1,HuMa,HM,Paddy,HMPaddy,Straw,Day60,Straw_Day60,126.63,51.74,HMSD60P1,27
HMSD60P2,HuMa,HM,Paddy,HMPaddy,Straw,Day60,Straw_Day60,126.63,51.74,HMSD60P2,27
HMSD60P3,HuMa,HM,Paddy,HMPaddy,Straw,Day60,Straw_Day60,126.62,51.74,HMSD60P3,27
